-- Estrutura e Inserção de Dados - ProcediPriz

CREATE TABLE IF NOT EXISTS portes_valores (
    porte VARCHAR(5) PRIMARY KEY,
    valor NUMERIC(10, 2) NOT NULL
);

CREATE TABLE IF NOT EXISTS procedimentos (
    id SERIAL PRIMARY KEY,
    nome VARCHAR(255) NOT NULL
);

CREATE TABLE IF NOT EXISTS procedimentos_cbhpm (
    codigo VARCHAR(20) PRIMARY KEY,
    procedimento_id INTEGER REFERENCES procedimentos(id),
    descricao TEXT NOT NULL,
    porte VARCHAR(5) REFERENCES portes_valores(porte)
);

-- Inserindo Valores dos Portes
INSERT INTO portes_valores (porte, valor) VALUES ('1A', 26.74) ON CONFLICT DO NOTHING;
INSERT INTO portes_valores (porte, valor) VALUES ('1B', 53.48) ON CONFLICT DO NOTHING;
INSERT INTO portes_valores (porte, valor) VALUES ('1C', 80.24) ON CONFLICT DO NOTHING;
INSERT INTO portes_valores (porte, valor) VALUES ('2A', 107.0) ON CONFLICT DO NOTHING;
INSERT INTO portes_valores (porte, valor) VALUES ('2B', 141.05) ON CONFLICT DO NOTHING;
INSERT INTO portes_valores (porte, valor) VALUES ('2C', 166.92) ON CONFLICT DO NOTHING;
INSERT INTO portes_valores (porte, valor) VALUES ('3A', 228.07) ON CONFLICT DO NOTHING;
INSERT INTO portes_valores (porte, valor) VALUES ('3B', 291.5) ON CONFLICT DO NOTHING;
INSERT INTO portes_valores (porte, valor) VALUES ('3C', 333.81) ON CONFLICT DO NOTHING;
INSERT INTO portes_valores (porte, valor) VALUES ('4A', 397.28) ON CONFLICT DO NOTHING;
INSERT INTO portes_valores (porte, valor) VALUES ('4B', 434.89) ON CONFLICT DO NOTHING;
INSERT INTO portes_valores (porte, valor) VALUES ('4C', 491.33) ON CONFLICT DO NOTHING;
INSERT INTO portes_valores (porte, valor) VALUES ('5A', 528.93) ON CONFLICT DO NOTHING;
INSERT INTO portes_valores (porte, valor) VALUES ('5B', 571.23) ON CONFLICT DO NOTHING;
INSERT INTO portes_valores (porte, valor) VALUES ('5C', 606.5) ON CONFLICT DO NOTHING;
INSERT INTO portes_valores (porte, valor) VALUES ('6A', 660.57) ON CONFLICT DO NOTHING;
INSERT INTO portes_valores (porte, valor) VALUES ('6B', 726.4) ON CONFLICT DO NOTHING;
INSERT INTO portes_valores (porte, valor) VALUES ('6C', 794.57) ON CONFLICT DO NOTHING;
INSERT INTO portes_valores (porte, valor) VALUES ('7A', 858.03) ON CONFLICT DO NOTHING;
INSERT INTO portes_valores (porte, valor) VALUES ('7B', 949.71) ON CONFLICT DO NOTHING;
INSERT INTO portes_valores (porte, valor) VALUES ('7C', 1123.65) ON CONFLICT DO NOTHING;
INSERT INTO portes_valores (porte, valor) VALUES ('8A', 1212.99) ON CONFLICT DO NOTHING;
INSERT INTO portes_valores (porte, valor) VALUES ('8B', 1271.77) ON CONFLICT DO NOTHING;
INSERT INTO portes_valores (porte, valor) VALUES ('8C', 1349.35) ON CONFLICT DO NOTHING;
INSERT INTO portes_valores (porte, valor) VALUES ('9A', 1433.97) ON CONFLICT DO NOTHING;
INSERT INTO portes_valores (porte, valor) VALUES ('9B', 1567.97) ON CONFLICT DO NOTHING;
INSERT INTO portes_valores (porte, valor) VALUES ('9C', 1727.81) ON CONFLICT DO NOTHING;
INSERT INTO portes_valores (porte, valor) VALUES ('10A', 1854.75) ON CONFLICT DO NOTHING;
INSERT INTO portes_valores (porte, valor) VALUES ('10B', 2009.91) ON CONFLICT DO NOTHING;
INSERT INTO portes_valores (porte, valor) VALUES ('10C', 2230.89) ON CONFLICT DO NOTHING;
INSERT INTO portes_valores (porte, valor) VALUES ('11A', 2360.17) ON CONFLICT DO NOTHING;
INSERT INTO portes_valores (porte, valor) VALUES ('11B', 2588.21) ON CONFLICT DO NOTHING;
INSERT INTO portes_valores (porte, valor) VALUES ('11C', 2839.74) ON CONFLICT DO NOTHING;
INSERT INTO portes_valores (porte, valor) VALUES ('12A', 2943.18) ON CONFLICT DO NOTHING;
INSERT INTO portes_valores (porte, valor) VALUES ('12B', 3164.15) ON CONFLICT DO NOTHING;
INSERT INTO portes_valores (porte, valor) VALUES ('12C', 3876.43) ON CONFLICT DO NOTHING;
INSERT INTO portes_valores (porte, valor) VALUES ('13A', 4266.66) ON CONFLICT DO NOTHING;
INSERT INTO portes_valores (porte, valor) VALUES ('13B', 4680.39) ON CONFLICT DO NOTHING;
INSERT INTO portes_valores (porte, valor) VALUES ('13C', 5176.41) ON CONFLICT DO NOTHING;
INSERT INTO portes_valores (porte, valor) VALUES ('14A', 5768.81) ON CONFLICT DO NOTHING;
INSERT INTO portes_valores (porte, valor) VALUES ('14B', 6276.59) ON CONFLICT DO NOTHING;
INSERT INTO portes_valores (porte, valor) VALUES ('14C', 6922.36) ON CONFLICT DO NOTHING;

-- Inserindo Procedimentos e Crosswalks
INSERT INTO procedimentos (id, nome) VALUES (1, '1.1 - CONSULTA GERAL - CRÂNIO') ON CONFLICT DO NOTHING;
INSERT INTO procedimentos_cbhpm (codigo, procedimento_id, descricao, porte) VALUES ('1.01.01.01-2', 1, 'Em consultório (no horário normal ou preestabelecido)', '2B') ON CONFLICT DO NOTHING;
INSERT INTO procedimentos_cbhpm (codigo, procedimento_id, descricao, porte) VALUES ('4.13.01.07-2', 1, 'Campimetria manual - monocular', '1C') ON CONFLICT DO NOTHING;
INSERT INTO procedimentos_cbhpm (codigo, procedimento_id, descricao, porte) VALUES ('4.13.01.20-0', 1, 'Exame de motilidade ocular (teste ortóptico) - binocular', '1B') ON CONFLICT DO NOTHING;
INSERT INTO procedimentos (id, nome) VALUES (2, '1.2 - CONSULTA + PUNÇÃO LOMBAR') ON CONFLICT DO NOTHING;
INSERT INTO procedimentos_cbhpm (codigo, procedimento_id, descricao, porte) VALUES ('1.01.01.01-2', 2, 'Em consultório (no horário normal ou preestabelecido)', '2B') ON CONFLICT DO NOTHING;
INSERT INTO procedimentos_cbhpm (codigo, procedimento_id, descricao, porte) VALUES ('3.07.15.25-3', 2, 'Punção Liquórica', '2B') ON CONFLICT DO NOTHING;
INSERT INTO procedimentos_cbhpm (codigo, procedimento_id, descricao, porte) VALUES ('2.01.04.10-3', 2, 'Curativos em geral sem anestesia', '1A') ON CONFLICT DO NOTHING;
INSERT INTO procedimentos (id, nome) VALUES (3, '1.3 - PROGRAMAÇÃO DE ELETRODO PARA NEUROESTIMULAÇÃO') ON CONFLICT DO NOTHING;
INSERT INTO procedimentos_cbhpm (codigo, procedimento_id, descricao, porte) VALUES ('1.01.01.01-2', 3, 'Em consultório (no horário normal ou preestabelecido)', '2B') ON CONFLICT DO NOTHING;
INSERT INTO procedimentos_cbhpm (codigo, procedimento_id, descricao, porte) VALUES ('2.01.01.20-1', 3, 'Avaliação clínica e eletrônica de paciente com marca-passo', '2B') ON CONFLICT DO NOTHING;
INSERT INTO procedimentos_cbhpm (codigo, procedimento_id, descricao, porte) VALUES ('4.01.03.43-9', 3, 'Impedanciometria', '2B') ON CONFLICT DO NOTHING;
INSERT INTO procedimentos (id, nome) VALUES (4, '1.4 - INFILTRAÇÃO PONTO-GATILHO OU AGULHAMENTO SECO') ON CONFLICT DO NOTHING;
INSERT INTO procedimentos_cbhpm (codigo, procedimento_id, descricao, porte) VALUES ('1.01.01.01-2', 4, 'Em consultório (no horário normal ou preestabelecido)', '2B') ON CONFLICT DO NOTHING;
INSERT INTO procedimentos_cbhpm (codigo, procedimento_id, descricao, porte) VALUES ('2.01.03.30-1', 4, 'Infiltração de ponto-gatilho ou agulhamento seco (por musculo)', '3A') ON CONFLICT DO NOTHING;
INSERT INTO procedimentos_cbhpm (codigo, procedimento_id, descricao, porte) VALUES ('2.01.04.10-3', 4, 'Curativos em geral sem anestesia', '1A') ON CONFLICT DO NOTHING;
INSERT INTO procedimentos (id, nome) VALUES (5, '1.5 - CONSULTA DE RETORNO POS-OPERATÓRIO + CURATIVO') ON CONFLICT DO NOTHING;
INSERT INTO procedimentos_cbhpm (codigo, procedimento_id, descricao, porte) VALUES ('1.01.01.01-2', 5, 'Em consultório (no horário normal ou preestabelecido)', '2B') ON CONFLICT DO NOTHING;
INSERT INTO procedimentos_cbhpm (codigo, procedimento_id, descricao, porte) VALUES ('2.01.04.10-3', 5, 'Curativos em geral sem anestesia', '1A') ON CONFLICT DO NOTHING;
INSERT INTO procedimentos (id, nome) VALUES (6, '1.6 – CONSULTA GERAL DE COLUNA VERTEBRAL') ON CONFLICT DO NOTHING;
INSERT INTO procedimentos_cbhpm (codigo, procedimento_id, descricao, porte) VALUES ('1.01.01.01-2', 6, 'Em consultório (no horário normal ou preestabelecido)', '2B') ON CONFLICT DO NOTHING;
INSERT INTO procedimentos_cbhpm (codigo, procedimento_id, descricao, porte) VALUES ('3.07.15.23-7', 6, 'Outras afecções da coluna – tratamento incruento', '3B') ON CONFLICT DO NOTHING;
INSERT INTO procedimentos (id, nome) VALUES (7, '1.7 – CONSULTA: FRATURA DE COLUNA VERTEBRAL') ON CONFLICT DO NOTHING;
INSERT INTO procedimentos_cbhpm (codigo, procedimento_id, descricao, porte) VALUES ('1.01.01.01-2', 7, 'Em consultório (no horário normal ou preestabelecido)', '2B') ON CONFLICT DO NOTHING;
INSERT INTO procedimentos_cbhpm (codigo, procedimento_id, descricao, porte) VALUES ('3.02.07.22-3', 7, 'Tratamento conservador de fratura de ossos', '4C') ON CONFLICT DO NOTHING;
INSERT INTO procedimentos_cbhpm (codigo, procedimento_id, descricao, porte) VALUES ('3.07.15.23-7', 7, 'Outras afecções da coluna – tratamento incruento', '3B') ON CONFLICT DO NOTHING;
INSERT INTO procedimentos (id, nome) VALUES (8, '2.1 - RESPOSTA DE PARECER - CRÂNIO I (TCE, hipertensão intracraniana,') ON CONFLICT DO NOTHING;
INSERT INTO procedimentos_cbhpm (codigo, procedimento_id, descricao, porte) VALUES ('1.01.01.03-9', 8, 'Consulta em pronto-socorro', '2B') ON CONFLICT DO NOTHING;
INSERT INTO procedimentos_cbhpm (codigo, procedimento_id, descricao, porte) VALUES ('2.02.01.08-7', 8, 'Tratamento conservador de TCE, HIC e hemorragia (por dia)', '3C') ON CONFLICT DO NOTHING;
INSERT INTO procedimentos_cbhpm (codigo, procedimento_id, descricao, porte) VALUES ('4.13.01.07-2', 8, 'Campimetria manual - monocular', '1C') ON CONFLICT DO NOTHING;
INSERT INTO procedimentos_cbhpm (codigo, procedimento_id, descricao, porte) VALUES ('4.13.01.20-0', 8, 'Exame de motilidade ocular (teste ortóptico) - binocular', '1B') ON CONFLICT DO NOTHING;
INSERT INTO procedimentos_cbhpm (codigo, procedimento_id, descricao, porte) VALUES ('3.07.15.25-3', 8, 'Punção Liquórica*', '2B') ON CONFLICT DO NOTHING;
INSERT INTO procedimentos (id, nome) VALUES (9, '2.2 - RESPOSTA DE PARECER - CRÂNIO II (TCE + Fratura de crânio)') ON CONFLICT DO NOTHING;
INSERT INTO procedimentos_cbhpm (codigo, procedimento_id, descricao, porte) VALUES ('1.01.01.03-9', 9, 'Consulta em pronto-socorro', '2B') ON CONFLICT DO NOTHING;
INSERT INTO procedimentos_cbhpm (codigo, procedimento_id, descricao, porte) VALUES ('4.13.01.07-2', 9, 'Campimetria manual - monocular', '1C') ON CONFLICT DO NOTHING;
INSERT INTO procedimentos_cbhpm (codigo, procedimento_id, descricao, porte) VALUES ('4.13.01.20-0', 9, 'Exame de motilidade ocular (teste ortóptico) - binocular', '1B') ON CONFLICT DO NOTHING;
INSERT INTO procedimentos_cbhpm (codigo, procedimento_id, descricao, porte) VALUES ('3.02.07.22-3', 9, 'Tratamento conservador de fratura de ossos', '4C') ON CONFLICT DO NOTHING;
INSERT INTO procedimentos (id, nome) VALUES (10, '2.3 - RESPOSTA DE PARECER - COLUNA I (Patologias Não Traumáticas da Coluna)') ON CONFLICT DO NOTHING;
INSERT INTO procedimentos_cbhpm (codigo, procedimento_id, descricao, porte) VALUES ('1.01.01.03-9', 10, 'Consulta em pronto-socorro', '2B') ON CONFLICT DO NOTHING;
INSERT INTO procedimentos_cbhpm (codigo, procedimento_id, descricao, porte) VALUES ('3.07.15.23-7', 10, 'Outras afecções da coluna – tratamento incruento', '3B') ON CONFLICT DO NOTHING;
INSERT INTO procedimentos (id, nome) VALUES (11, '2.4 - RESPOSTA DE PARECER - COLUNA II (Patologias Não Traumáticas) +') ON CONFLICT DO NOTHING;
INSERT INTO procedimentos_cbhpm (codigo, procedimento_id, descricao, porte) VALUES ('1.01.01.03-9', 11, 'Consulta em pronto-socorro', '2B') ON CONFLICT DO NOTHING;
INSERT INTO procedimentos_cbhpm (codigo, procedimento_id, descricao, porte) VALUES ('3.07.15.23-7', 11, 'Outras afecções da coluna – tratamento incruento', '3B') ON CONFLICT DO NOTHING;
INSERT INTO procedimentos_cbhpm (codigo, procedimento_id, descricao, porte) VALUES ('2.01.03.30-1', 11, 'Infiltração de ponto-gatilho (por região muscular)', '3A') ON CONFLICT DO NOTHING;
INSERT INTO procedimentos (id, nome) VALUES (12, '2.5 - RESPOSTA DE PARECER - COLUNA III (Patologias Traumáticas/TRM da') ON CONFLICT DO NOTHING;
INSERT INTO procedimentos_cbhpm (codigo, procedimento_id, descricao, porte) VALUES ('1.01.01.03-9', 12, 'Consulta em pronto-socorro', '2B') ON CONFLICT DO NOTHING;
INSERT INTO procedimentos_cbhpm (codigo, procedimento_id, descricao, porte) VALUES ('3.07.15.34-2', 12, 'Tratamento conservador do traumatismo raquimedular (por dia)', '3C') ON CONFLICT DO NOTHING;
INSERT INTO procedimentos_cbhpm (codigo, procedimento_id, descricao, porte) VALUES ('3.07.15.15-6', 12, 'Fratura e/ou luxação da coluna vertebral – redução incruenta', '5B') ON CONFLICT DO NOTHING;
INSERT INTO procedimentos_cbhpm (codigo, procedimento_id, descricao, porte) VALUES ('3.07.15.23-7', 12, 'Outras afecções da coluna – tratamento incruento', '3B') ON CONFLICT DO NOTHING;
INSERT INTO procedimentos (id, nome) VALUES (13, '2.6 - RESPOSTA DE PARECER - COLUNA IV (TRM CERVICAL) + TRAÇÃO') ON CONFLICT DO NOTHING;
INSERT INTO procedimentos_cbhpm (codigo, procedimento_id, descricao, porte) VALUES ('1.01.01.03-9', 13, 'Consulta em pronto-socorro', '2B') ON CONFLICT DO NOTHING;
INSERT INTO procedimentos_cbhpm (codigo, procedimento_id, descricao, porte) VALUES ('3.07.15.34-2', 13, 'Tratamento conservador do traumatismo raquimedular (por dia)', '3C') ON CONFLICT DO NOTHING;
INSERT INTO procedimentos_cbhpm (codigo, procedimento_id, descricao, porte) VALUES ('3.07.15.29-6', 13, 'Tração cervical trans-esquelética', '8B') ON CONFLICT DO NOTHING;
INSERT INTO procedimentos (id, nome) VALUES (14, '2.7 - RESPOSTA DE PARECER + PUNÇÃO LOMBAR') ON CONFLICT DO NOTHING;
INSERT INTO procedimentos_cbhpm (codigo, procedimento_id, descricao, porte) VALUES ('1.01.01.03-9', 14, 'Consulta em pronto-socorro', '2B') ON CONFLICT DO NOTHING;
INSERT INTO procedimentos_cbhpm (codigo, procedimento_id, descricao, porte) VALUES ('3.07.15.25-3', 14, 'Punção Liquórica', '2B') ON CONFLICT DO NOTHING;
INSERT INTO procedimentos_cbhpm (codigo, procedimento_id, descricao, porte) VALUES ('2.01.04.10-3', 14, 'Curativos em geral sem anestesia', '1A') ON CONFLICT DO NOTHING;
INSERT INTO procedimentos (id, nome) VALUES (15, '2.8 - VISITA HOSPITALAR DE PÓS-OPERATÓRIO') ON CONFLICT DO NOTHING;
INSERT INTO procedimentos_cbhpm (codigo, procedimento_id, descricao, porte) VALUES ('1.01.02.01-9', 15, 'Visita hospitalar a paciente internado', '2A') ON CONFLICT DO NOTHING;
INSERT INTO procedimentos_cbhpm (codigo, procedimento_id, descricao, porte) VALUES ('4.13.01.07-2', 15, 'Campimetria manual - monocular', '1C') ON CONFLICT DO NOTHING;
INSERT INTO procedimentos_cbhpm (codigo, procedimento_id, descricao, porte) VALUES ('4.13.01.20-0', 15, 'Exame de motilidade ocular (teste ortóptico) - binocular', '1B') ON CONFLICT DO NOTHING;
INSERT INTO procedimentos_cbhpm (codigo, procedimento_id, descricao, porte) VALUES ('3.07.15.25-3', 15, 'Punção Liquórica*', '2B') ON CONFLICT DO NOTHING;
INSERT INTO procedimentos (id, nome) VALUES (16, '2.9 - VISITA HOSPITALAR DIÁRIA - CRÂNIO I (Tratamento conservador de TCE,') ON CONFLICT DO NOTHING;
INSERT INTO procedimentos_cbhpm (codigo, procedimento_id, descricao, porte) VALUES ('1.01.02.01-9', 16, 'Visita hospitalar a paciente internado', '2A') ON CONFLICT DO NOTHING;
INSERT INTO procedimentos_cbhpm (codigo, procedimento_id, descricao, porte) VALUES ('4.13.01.07-2', 16, 'Campimetria manual - monocular', '1C') ON CONFLICT DO NOTHING;
INSERT INTO procedimentos_cbhpm (codigo, procedimento_id, descricao, porte) VALUES ('4.13.01.20-0', 16, 'Exame de motilidade ocular (teste ortóptico) - binocular', '1B') ON CONFLICT DO NOTHING;
INSERT INTO procedimentos_cbhpm (codigo, procedimento_id, descricao, porte) VALUES ('2.02.01.08-7', 16, 'Tratamento conservador de TCE, HIC e hemorragia (por dia)', '3C') ON CONFLICT DO NOTHING;
INSERT INTO procedimentos_cbhpm (codigo, procedimento_id, descricao, porte) VALUES ('3.07.15.25-3', 16, 'Punção Liquórica*', '2B') ON CONFLICT DO NOTHING;
INSERT INTO procedimentos (id, nome) VALUES (17, '2.10 - VISITA HOSPITALAR - CRÂNIO II (TCE + Fratura de crânio)') ON CONFLICT DO NOTHING;
INSERT INTO procedimentos_cbhpm (codigo, procedimento_id, descricao, porte) VALUES ('1.01.02.01-9', 17, 'Visita hospitalar a paciente internado', '2A') ON CONFLICT DO NOTHING;
INSERT INTO procedimentos_cbhpm (codigo, procedimento_id, descricao, porte) VALUES ('2.02.01.08-7', 17, 'Tratamento conservador de TCE, HIC e hemorragia (por dia)', '3C') ON CONFLICT DO NOTHING;
INSERT INTO procedimentos_cbhpm (codigo, procedimento_id, descricao, porte) VALUES ('3.02.07.22-3', 17, 'Tratamento conservador de fratura de ossos', '4C') ON CONFLICT DO NOTHING;
INSERT INTO procedimentos (id, nome) VALUES (18, '2.11 - VISITA HOSPITALAR - COLUNA I (Patologias Não Traumáticas)') ON CONFLICT DO NOTHING;
INSERT INTO procedimentos_cbhpm (codigo, procedimento_id, descricao, porte) VALUES ('1.01.02.01-9', 18, 'Visita hospitalar a paciente internado', '2A') ON CONFLICT DO NOTHING;
INSERT INTO procedimentos_cbhpm (codigo, procedimento_id, descricao, porte) VALUES ('3.07.15.23-7', 18, 'Outras afecções da coluna – tratamento incruento', '3B') ON CONFLICT DO NOTHING;
INSERT INTO procedimentos (id, nome) VALUES (19, '2.12 - VISITA HOSPITALAR - COLUNA II (Patologias Não Traumáticas) + Infiltração') ON CONFLICT DO NOTHING;
INSERT INTO procedimentos_cbhpm (codigo, procedimento_id, descricao, porte) VALUES ('1.01.02.01-9', 19, 'Visita hospitalar a paciente internado', '2A') ON CONFLICT DO NOTHING;
INSERT INTO procedimentos_cbhpm (codigo, procedimento_id, descricao, porte) VALUES ('3.07.15.23-7', 19, 'Outras afecções da coluna – tratamento incruento', '3B') ON CONFLICT DO NOTHING;
INSERT INTO procedimentos_cbhpm (codigo, procedimento_id, descricao, porte) VALUES ('2.01.03.30-1', 19, 'Infiltração de ponto-gatilho (por região muscular)', '3A') ON CONFLICT DO NOTHING;
INSERT INTO procedimentos_cbhpm (codigo, procedimento_id, descricao, porte) VALUES ('2.01.04.10-3', 19, 'Curativos em geral sem anestesia', '1A') ON CONFLICT DO NOTHING;
INSERT INTO procedimentos (id, nome) VALUES (20, '2.13 - VISITA HOSPITALAR - COLUNA III (Patologias Traumáticas/TRM da Coluna)') ON CONFLICT DO NOTHING;
INSERT INTO procedimentos_cbhpm (codigo, procedimento_id, descricao, porte) VALUES ('1.01.02.01-9', 20, 'Visita hospitalar a paciente internado', '2A') ON CONFLICT DO NOTHING;
INSERT INTO procedimentos_cbhpm (codigo, procedimento_id, descricao, porte) VALUES ('3.07.15.34-2', 20, 'Tratamento conservador do traumatismo raquimedular (por dia)', '3C') ON CONFLICT DO NOTHING;
INSERT INTO procedimentos_cbhpm (codigo, procedimento_id, descricao, porte) VALUES ('3.07.15.15-6', 20, 'Fratura e/ou luxação da coluna vertebral – redução incruenta', '5B') ON CONFLICT DO NOTHING;
INSERT INTO procedimentos (id, nome) VALUES (21, '2.14 - VISITA HOSPITALAR + PUNÇÃO LIQUÓRICA') ON CONFLICT DO NOTHING;
INSERT INTO procedimentos_cbhpm (codigo, procedimento_id, descricao, porte) VALUES ('1.01.02.01-9', 21, 'Visita hospitalar a paciente internado', '2A') ON CONFLICT DO NOTHING;
INSERT INTO procedimentos_cbhpm (codigo, procedimento_id, descricao, porte) VALUES ('3.07.15.25-3', 21, 'Punção Liquórica', '2B') ON CONFLICT DO NOTHING;
INSERT INTO procedimentos_cbhpm (codigo, procedimento_id, descricao, porte) VALUES ('2.01.04.10-3', 21, 'Curativos em geral sem anestesia', '1A') ON CONFLICT DO NOTHING;
INSERT INTO procedimentos (id, nome) VALUES (22, '2.15 - VISITA HOSPITALAR: ACOMPANHAMENTO DE CATETER PERIDURAL') ON CONFLICT DO NOTHING;
INSERT INTO procedimentos_cbhpm (codigo, procedimento_id, descricao, porte) VALUES ('1.01.02.01-9', 22, 'Visita hospitalar a paciente internado', '2A') ON CONFLICT DO NOTHING;
INSERT INTO procedimentos_cbhpm (codigo, procedimento_id, descricao, porte) VALUES ('3.16.02.02-9', 22, 'Analgesia p/ dia subsequente, acompanhamento de analgesia por cateter', '2B') ON CONFLICT DO NOTHING;
INSERT INTO procedimentos (id, nome) VALUES (23, '3.1 - CATETER DE PIC') ON CONFLICT DO NOTHING;
INSERT INTO procedimentos_cbhpm (codigo, procedimento_id, descricao, porte) VALUES ('3.14.01.10-4', 23, 'Implante de eletrodos medular ou cerebral', '10A') ON CONFLICT DO NOTHING;
INSERT INTO procedimentos_cbhpm (codigo, procedimento_id, descricao, porte) VALUES ('2.02.02.06-7', 23, 'Monitorização da pressão intracraniana', '2B') ON CONFLICT DO NOTHING;
INSERT INTO procedimentos_cbhpm (codigo, procedimento_id, descricao, porte) VALUES ('3.14.01.26-0', 23, 'Tratamento cirúrgico da fístula liquórica', '10C') ON CONFLICT DO NOTHING;
INSERT INTO procedimentos (id, nome) VALUES (24, '3.2 - DERIVAÇÃO VENTRICULAR EXTERNA DVE/PIC') ON CONFLICT DO NOTHING;
INSERT INTO procedimentos_cbhpm (codigo, procedimento_id, descricao, porte) VALUES ('3.14.01.05-8', 24, 'Derivação Ventricular Externa', '5C') ON CONFLICT DO NOTHING;
INSERT INTO procedimentos_cbhpm (codigo, procedimento_id, descricao, porte) VALUES ('3.14.01.08-2', 24, 'Implante de cateter intracraniano', '8A') ON CONFLICT DO NOTHING;
INSERT INTO procedimentos_cbhpm (codigo, procedimento_id, descricao, porte) VALUES ('3.14.01.10-4', 24, 'Implante de eletrodos medular ou cerebral', '10A') ON CONFLICT DO NOTHING;
INSERT INTO procedimentos_cbhpm (codigo, procedimento_id, descricao, porte) VALUES ('2.02.02.06-7', 24, 'Monitorização da pressão intracraniana', '2B') ON CONFLICT DO NOTHING;
INSERT INTO procedimentos (id, nome) VALUES (25, '3.3 - DERIVAÇÃO LOMBAR EXTERNA (DLE)') ON CONFLICT DO NOTHING;
INSERT INTO procedimentos_cbhpm (codigo, procedimento_id, descricao, porte) VALUES ('3.07.15.08-3', 25, 'Derivação lombar externa', '6A') ON CONFLICT DO NOTHING;
INSERT INTO procedimentos_cbhpm (codigo, procedimento_id, descricao, porte) VALUES ('3.07.15.25-3', 25, 'Punção Liquórica', '2B') ON CONFLICT DO NOTHING;
INSERT INTO procedimentos (id, nome) VALUES (26, '3.4 - DERIVAÇÃO VENTRÍCULO-PERITONEAL (DVP)') ON CONFLICT DO NOTHING;
INSERT INTO procedimentos_cbhpm (codigo, procedimento_id, descricao, porte) VALUES ('3.14.01.08-2', 26, 'Implante de cateter intracraniano', '8A') ON CONFLICT DO NOTHING;
INSERT INTO procedimentos_cbhpm (codigo, procedimento_id, descricao, porte) VALUES ('3.10.09.17-4', 26, 'Laparotomia exploradora', '7A') ON CONFLICT DO NOTHING;
INSERT INTO procedimentos_cbhpm (codigo, procedimento_id, descricao, porte) VALUES ('3.10.08.06-2', 26, 'Implante de cateter peritoneal', '3C') ON CONFLICT DO NOTHING;
INSERT INTO procedimentos (id, nome) VALUES (27, '3.5 - DERIVAÇÃO VENTRÍCULO-ATRIAL (DVA)') ON CONFLICT DO NOTHING;
INSERT INTO procedimentos_cbhpm (codigo, procedimento_id, descricao, porte) VALUES ('3.14.01.23-6', 27, 'Sistema de derivação ventricular interna com válvula ou revisões', '10B') ON CONFLICT DO NOTHING;
INSERT INTO procedimentos_cbhpm (codigo, procedimento_id, descricao, porte) VALUES ('3.14.01.08-2', 27, 'Implante de cateter intracraniano', '8A') ON CONFLICT DO NOTHING;
INSERT INTO procedimentos_cbhpm (codigo, procedimento_id, descricao, porte) VALUES ('3.09.13.09-8', 27, 'Dissecção de veia c/ colocação de cateter venoso', '3A') ON CONFLICT DO NOTHING;
INSERT INTO procedimentos_cbhpm (codigo, procedimento_id, descricao, porte) VALUES ('3.09.11.04-4', 27, 'Cateterismo cardíaco direito e/ou esquerdo c/ ou s/ cineangiografia', '7C') ON CONFLICT DO NOTHING;
INSERT INTO procedimentos (id, nome) VALUES (28, '3.6 - DERIVAÇÃO VENTRÍCULO-PLEURAL (DVPL)') ON CONFLICT DO NOTHING;
INSERT INTO procedimentos_cbhpm (codigo, procedimento_id, descricao, porte) VALUES ('3.14.01.23-6', 28, 'Sistema de derivação ventricular interna com válvula ou revisões', '10B') ON CONFLICT DO NOTHING;
INSERT INTO procedimentos_cbhpm (codigo, procedimento_id, descricao, porte) VALUES ('3.14.01.08-2', 28, 'Implante de cateter intracraniano', '8A') ON CONFLICT DO NOTHING;
INSERT INTO procedimentos_cbhpm (codigo, procedimento_id, descricao, porte) VALUES ('3.08.04.08-6', 28, 'Punção pleural', '3B') ON CONFLICT DO NOTHING;
INSERT INTO procedimentos (id, nome) VALUES (29, '3.7 - DERIVAÇÃO LOMBO-PERITONEAL (DLP)') ON CONFLICT DO NOTHING;
INSERT INTO procedimentos_cbhpm (codigo, procedimento_id, descricao, porte) VALUES ('3.14.01.23-6', 29, 'Sistema de derivação ventricular interna com válvula ou revisões', '10B') ON CONFLICT DO NOTHING;
INSERT INTO procedimentos_cbhpm (codigo, procedimento_id, descricao, porte) VALUES ('3.07.15.25-3', 29, 'Punção Liquórica', '2B') ON CONFLICT DO NOTHING;
INSERT INTO procedimentos_cbhpm (codigo, procedimento_id, descricao, porte) VALUES ('3.10.09.17-4', 29, 'Laparotomia exploradora', '7A') ON CONFLICT DO NOTHING;
INSERT INTO procedimentos_cbhpm (codigo, procedimento_id, descricao, porte) VALUES ('3.10.08.06-2', 29, 'Implante de cateter peritoneal', '3C') ON CONFLICT DO NOTHING;
INSERT INTO procedimentos (id, nome) VALUES (30, '3.8 - TRATAMENTO CIRÚRGICO DA FRATURA AFUNDAMENTO DE CRÂNIO') ON CONFLICT DO NOTHING;
INSERT INTO procedimentos_cbhpm (codigo, procedimento_id, descricao, porte) VALUES ('3.02.15.08-0', 30, 'Tratamento cirúrgico da fratura do crânio/afundamento', '9B') ON CONFLICT DO NOTHING;
INSERT INTO procedimentos_cbhpm (codigo, procedimento_id, descricao, porte) VALUES ('3.04.04.12-6', 30, 'Ressecção do osso temporal*', '11B') ON CONFLICT DO NOTHING;
INSERT INTO procedimentos_cbhpm (codigo, procedimento_id, descricao, porte) VALUES ('3.02.10.10-0', 30, 'Reconstrução com rotação do músculo temporal*', '9C') ON CONFLICT DO NOTHING;
INSERT INTO procedimentos_cbhpm (codigo, procedimento_id, descricao, porte) VALUES ('3.02.09.05-6', 30, 'Correção cirúrgica de depressão (afundamento) da região frontal**', '10B') ON CONFLICT DO NOTHING;
INSERT INTO procedimentos_cbhpm (codigo, procedimento_id, descricao, porte) VALUES ('3.02.07.04-5', 30, 'Redução de fratura do seio frontal (acesso coronal)**', '8C') ON CONFLICT DO NOTHING;
INSERT INTO procedimentos_cbhpm (codigo, procedimento_id, descricao, porte) VALUES ('3.03.02.06-4', 30, 'Fratura de órbita - redução cirúrgica***', '9A') ON CONFLICT DO NOTHING;
INSERT INTO procedimentos_cbhpm (codigo, procedimento_id, descricao, porte) VALUES ('3.03.02.02-1', 30, 'Descompressão da órbita ou nervo óptico***', '9B') ON CONFLICT DO NOTHING;
INSERT INTO procedimentos_cbhpm (codigo, procedimento_id, descricao, porte) VALUES ('3.03.02.10-2', 30, 'Reconstituição de paredes orbitárias***', '9B') ON CONFLICT DO NOTHING;
INSERT INTO procedimentos_cbhpm (codigo, procedimento_id, descricao, porte) VALUES ('3.02.15.02-1', 30, 'Craniotomia descompressiva Ṫ', '9C') ON CONFLICT DO NOTHING;
INSERT INTO procedimentos_cbhpm (codigo, procedimento_id, descricao, porte) VALUES ('3.01.01.68-9', 30, 'Reconstrução com retalho da gálea aponeurótica', '8C') ON CONFLICT DO NOTHING;
INSERT INTO procedimentos_cbhpm (codigo, procedimento_id, descricao, porte) VALUES ('3.02.15.04-8', 30, 'Reconstrução craniana ou craniofacial', '11A') ON CONFLICT DO NOTHING;
INSERT INTO procedimentos_cbhpm (codigo, procedimento_id, descricao, porte) VALUES ('3.03.02.10-2', 30, 'Reconstituição de paredes orbitárias***', '9B') ON CONFLICT DO NOTHING;
INSERT INTO procedimentos (id, nome) VALUES (31, '3.9 - DRENAGEM DO HEMATOMA INTRACRANIANO') ON CONFLICT DO NOTHING;
INSERT INTO procedimentos_cbhpm (codigo, procedimento_id, descricao, porte) VALUES ('3.14.01.30-9', 31, 'Tratamento cirúrgico do hematoma intracraniano', '11C') ON CONFLICT DO NOTHING;
INSERT INTO procedimentos_cbhpm (codigo, procedimento_id, descricao, porte) VALUES ('3.04.04.12-6', 31, 'Ressecção do osso temporal*', '11B') ON CONFLICT DO NOTHING;
INSERT INTO procedimentos_cbhpm (codigo, procedimento_id, descricao, porte) VALUES ('3.02.10.10-0', 31, 'Reconstrução com rotação do músculo temporal*', '9C') ON CONFLICT DO NOTHING;
INSERT INTO procedimentos_cbhpm (codigo, procedimento_id, descricao, porte) VALUES ('3.02.09.05-6', 31, 'Correção cirúrgica de depressão (afundamento) da região frontal**', '10B') ON CONFLICT DO NOTHING;
INSERT INTO procedimentos_cbhpm (codigo, procedimento_id, descricao, porte) VALUES ('3.02.07.04-5', 31, 'Redução de fratura do seio frontal (acesso coronal)**', '8C') ON CONFLICT DO NOTHING;
INSERT INTO procedimentos_cbhpm (codigo, procedimento_id, descricao, porte) VALUES ('3.02.15.02-1', 31, 'Craniotomia descompressiva Ṫ', '9C') ON CONFLICT DO NOTHING;
INSERT INTO procedimentos_cbhpm (codigo, procedimento_id, descricao, porte) VALUES ('3.01.01.68-9', 31, 'Reconstrução com retalho da gálea aponeurótica', '8C') ON CONFLICT DO NOTHING;
INSERT INTO procedimentos_cbhpm (codigo, procedimento_id, descricao, porte) VALUES ('3.02.15.04-8', 31, 'Reconstrução craniana ou craniofacial', '11A') ON CONFLICT DO NOTHING;
INSERT INTO procedimentos_cbhpm (codigo, procedimento_id, descricao, porte) VALUES ('3.14.01.26-0', 31, 'Tratamento cirúrgico da fístula liquórica', '10C') ON CONFLICT DO NOTHING;
INSERT INTO procedimentos (id, nome) VALUES (32, '3.10 - TRATAMENTO CIRÚRGICO DA FRATURA DE CRÂNIO + DRENAGEM DE') ON CONFLICT DO NOTHING;
INSERT INTO procedimentos_cbhpm (codigo, procedimento_id, descricao, porte) VALUES ('3.02.15.08-0', 32, 'Tratamento cirúrgico da fratura do crânio/afundamento', '9B') ON CONFLICT DO NOTHING;
INSERT INTO procedimentos_cbhpm (codigo, procedimento_id, descricao, porte) VALUES ('3.14.01.30-9', 32, 'Tratamento cirúrgico do hematoma intracraniano', '11C') ON CONFLICT DO NOTHING;
INSERT INTO procedimentos_cbhpm (codigo, procedimento_id, descricao, porte) VALUES ('3.04.04.12-6', 32, 'Ressecção do osso temporal*', '11B') ON CONFLICT DO NOTHING;
INSERT INTO procedimentos_cbhpm (codigo, procedimento_id, descricao, porte) VALUES ('3.02.10.10-0', 32, 'Reconstrução com rotação do músculo temporal*', '9C') ON CONFLICT DO NOTHING;
INSERT INTO procedimentos_cbhpm (codigo, procedimento_id, descricao, porte) VALUES ('3.02.09.05-6', 32, 'Correção cirúrgica de depressão (afundamento) da região frontal**', '10B') ON CONFLICT DO NOTHING;
INSERT INTO procedimentos_cbhpm (codigo, procedimento_id, descricao, porte) VALUES ('3.02.07.04-5', 32, 'Redução de fratura do seio frontal (acesso coronal)**', '8C') ON CONFLICT DO NOTHING;
INSERT INTO procedimentos_cbhpm (codigo, procedimento_id, descricao, porte) VALUES ('3.02.15.02-1', 32, 'Craniotomia descompressiva Ṫ', '9C') ON CONFLICT DO NOTHING;
INSERT INTO procedimentos_cbhpm (codigo, procedimento_id, descricao, porte) VALUES ('3.01.01.68-9', 32, 'Reconstrução com retalho da gálea aponeurótica', '8C') ON CONFLICT DO NOTHING;
INSERT INTO procedimentos_cbhpm (codigo, procedimento_id, descricao, porte) VALUES ('3.02.15.04-8', 32, 'Reconstrução craniana ou craniofacial', '11A') ON CONFLICT DO NOTHING;
INSERT INTO procedimentos_cbhpm (codigo, procedimento_id, descricao, porte) VALUES ('3.14.01.26-0', 32, 'Tratamento cirúrgico da fístula liquórica', '10C') ON CONFLICT DO NOTHING;
INSERT INTO procedimentos (id, nome) VALUES (33, '3.11 – DRENAGEM HEMATOMA INTRACRANIANO VIA ENDOSCÓPICA') ON CONFLICT DO NOTHING;
INSERT INTO procedimentos_cbhpm (codigo, procedimento_id, descricao, porte) VALUES ('3.14.01.03-1', 33, 'Cirurgia Intracraniana por via endoscópica', '11A') ON CONFLICT DO NOTHING;
INSERT INTO procedimentos_cbhpm (codigo, procedimento_id, descricao, porte) VALUES ('3.14.01.30-9', 33, 'Tratamento cirúrgico do hematoma intracraniano', '10B') ON CONFLICT DO NOTHING;
INSERT INTO procedimentos_cbhpm (codigo, procedimento_id, descricao, porte) VALUES ('3.14.01.05-8', 33, 'Derivação Ventricular Externa', '5C') ON CONFLICT DO NOTHING;
INSERT INTO procedimentos_cbhpm (codigo, procedimento_id, descricao, porte) VALUES ('3.14.01.08-2', 33, 'Implante de cateter intracraniano', '8A') ON CONFLICT DO NOTHING;
INSERT INTO procedimentos_cbhpm (codigo, procedimento_id, descricao, porte) VALUES ('3.14.01.10-4', 33, 'Implante de eletrodos medular ou cerebral', '10A') ON CONFLICT DO NOTHING;
INSERT INTO procedimentos_cbhpm (codigo, procedimento_id, descricao, porte) VALUES ('2.02.02.06-7', 33, 'Monitorização da pressão intracraniana', '2B') ON CONFLICT DO NOTHING;
INSERT INTO procedimentos_cbhpm (codigo, procedimento_id, descricao, porte) VALUES ('3.14.01.24-4', 33, 'Terceiro Ventriculostomia*', '9C') ON CONFLICT DO NOTHING;
INSERT INTO procedimentos_cbhpm (codigo, procedimento_id, descricao, porte) VALUES ('3.14.01.26-0', 33, 'Tratamento cirúrgico da fístula liquórica', '10C') ON CONFLICT DO NOTHING;
INSERT INTO procedimentos (id, nome) VALUES (34, '3.12 - CRANIOTOMIA DESCOMPRESSIVA') ON CONFLICT DO NOTHING;
INSERT INTO procedimentos_cbhpm (codigo, procedimento_id, descricao, porte) VALUES ('3.02.15.02-1', 34, 'Craniotomia descompressiva', '9C') ON CONFLICT DO NOTHING;
INSERT INTO procedimentos_cbhpm (codigo, procedimento_id, descricao, porte) VALUES ('3.14.01.30-9', 34, 'Tratamento cirúrgico do hematoma intracraniano', '11C') ON CONFLICT DO NOTHING;
INSERT INTO procedimentos_cbhpm (codigo, procedimento_id, descricao, porte) VALUES ('3.04.04.12-6', 34, 'Ressecção do osso temporal', '11B') ON CONFLICT DO NOTHING;
INSERT INTO procedimentos_cbhpm (codigo, procedimento_id, descricao, porte) VALUES ('3.02.10.10-0', 34, 'Reconstrução com rotação do músculo temporal', '9C') ON CONFLICT DO NOTHING;
INSERT INTO procedimentos_cbhpm (codigo, procedimento_id, descricao, porte) VALUES ('3.01.01.68-9', 34, 'Reconstrução com retalho da gálea aponeurótica', '8C') ON CONFLICT DO NOTHING;
INSERT INTO procedimentos_cbhpm (codigo, procedimento_id, descricao, porte) VALUES ('3.02.15.04-8', 34, 'Reconstrução craniana ou craniofacial', '11A') ON CONFLICT DO NOTHING;
INSERT INTO procedimentos_cbhpm (codigo, procedimento_id, descricao, porte) VALUES ('3.14.01.26-0', 34, 'Tratamento cirúrgico da fístula liquórica', '10C') ON CONFLICT DO NOTHING;
INSERT INTO procedimentos_cbhpm (codigo, procedimento_id, descricao, porte) VALUES ('3.10.09.17-4', 34, 'Laparotomia exploradora*', '7A') ON CONFLICT DO NOTHING;
INSERT INTO procedimentos (id, nome) VALUES (35, '3.13 - MUCOCELE FRONTAL - Ressecção Cirúrgica') ON CONFLICT DO NOTHING;
INSERT INTO procedimentos_cbhpm (codigo, procedimento_id, descricao, porte) VALUES ('3.14.01.20-1', 35, 'Ressecção de mucocele frontal', '8B') ON CONFLICT DO NOTHING;
INSERT INTO procedimentos_cbhpm (codigo, procedimento_id, descricao, porte) VALUES ('3.01.01.68-9', 35, 'Reconstrução com retalho da gálea aponeurótica', '8C') ON CONFLICT DO NOTHING;
INSERT INTO procedimentos_cbhpm (codigo, procedimento_id, descricao, porte) VALUES ('3.02.15.04-8', 35, 'Reconstrução craniana ou craniofacial', '11A') ON CONFLICT DO NOTHING;
INSERT INTO procedimentos_cbhpm (codigo, procedimento_id, descricao, porte) VALUES ('3.14.01.26-0', 35, 'Tratamento cirúrgico da fístula liquórica', '10C') ON CONFLICT DO NOTHING;
INSERT INTO procedimentos (id, nome) VALUES (36, '3.14 - ABCESSO CEREBRAL - Drenagem Cirúrgica Aberta') ON CONFLICT DO NOTHING;
INSERT INTO procedimentos_cbhpm (codigo, procedimento_id, descricao, porte) VALUES ('3.14.01.29-5', 36, 'Tratamento cirúrgico do abscesso encefálico', '11C') ON CONFLICT DO NOTHING;
INSERT INTO procedimentos_cbhpm (codigo, procedimento_id, descricao, porte) VALUES ('3.01.01.68-9', 36, 'Reconstrução com retalho da gálea aponeurótica', '8C') ON CONFLICT DO NOTHING;
INSERT INTO procedimentos_cbhpm (codigo, procedimento_id, descricao, porte) VALUES ('3.02.15.04-8', 36, 'Reconstrução craniana ou craniofacial', '11A') ON CONFLICT DO NOTHING;
INSERT INTO procedimentos_cbhpm (codigo, procedimento_id, descricao, porte) VALUES ('3.14.01.26-0', 36, 'Tratamento cirúrgico da fístula liquórica', '10C') ON CONFLICT DO NOTHING;
INSERT INTO procedimentos (id, nome) VALUES (37, '3.15 - OSTEOMIELITE DE CRÂNIO - Tratamento Cirúrgico') ON CONFLICT DO NOTHING;
INSERT INTO procedimentos_cbhpm (codigo, procedimento_id, descricao, porte) VALUES ('3.02.15.09-9', 37, 'Tratamento cirúrgico de Osteomielite de Crânio', '8B') ON CONFLICT DO NOTHING;
INSERT INTO procedimentos_cbhpm (codigo, procedimento_id, descricao, porte) VALUES ('3.04.04.12-6', 37, 'Ressecção do osso temporal *', '11B') ON CONFLICT DO NOTHING;
INSERT INTO procedimentos_cbhpm (codigo, procedimento_id, descricao, porte) VALUES ('3.01.01.68-9', 37, 'Reconstrução com retalho da gálea aponeurótica', '8C') ON CONFLICT DO NOTHING;
INSERT INTO procedimentos_cbhpm (codigo, procedimento_id, descricao, porte) VALUES ('3.02.15.04-8', 37, 'Reconstrução craniana ou craniofacial', '11A') ON CONFLICT DO NOTHING;
INSERT INTO procedimentos_cbhpm (codigo, procedimento_id, descricao, porte) VALUES ('3.07.15.27-0', 37, 'Retirada de material de síntese **', '8A') ON CONFLICT DO NOTHING;
INSERT INTO procedimentos (id, nome) VALUES (38, '3.16 - AVC ISQUÊMICO MALIGNO - Tratamento Cirúrgico') ON CONFLICT DO NOTHING;
INSERT INTO procedimentos_cbhpm (codigo, procedimento_id, descricao, porte) VALUES ('3.09.06.43-1', 38, 'Tratamento cirúrgico da isquemia cerebral', '12C') ON CONFLICT DO NOTHING;
INSERT INTO procedimentos_cbhpm (codigo, procedimento_id, descricao, porte) VALUES ('3.02.15.02-1', 38, 'Craniotomia descompressiva', '9C') ON CONFLICT DO NOTHING;
INSERT INTO procedimentos_cbhpm (codigo, procedimento_id, descricao, porte) VALUES ('3.04.04.12-6', 38, 'Ressecção do osso temporal', '11B') ON CONFLICT DO NOTHING;
INSERT INTO procedimentos_cbhpm (codigo, procedimento_id, descricao, porte) VALUES ('3.01.01.68-9', 38, 'Reconstrução com retalho da gálea aponeurótica', '8C') ON CONFLICT DO NOTHING;
INSERT INTO procedimentos_cbhpm (codigo, procedimento_id, descricao, porte) VALUES ('3.02.10.10-0', 38, 'Reconstrução com rotação do músculo temporal', '9C') ON CONFLICT DO NOTHING;
INSERT INTO procedimentos_cbhpm (codigo, procedimento_id, descricao, porte) VALUES ('3.10.09.17-4', 38, 'Laparotomia exploradora*', '7A') ON CONFLICT DO NOTHING;
INSERT INTO procedimentos_cbhpm (codigo, procedimento_id, descricao, porte) VALUES ('3.14.01.26-0', 38, 'Tratamento cirúrgico da fístula liquórica', '10C') ON CONFLICT DO NOTHING;
INSERT INTO procedimentos (id, nome) VALUES (39, '3.17 - FÍSTULA LIQUÓRICA – CRÂNIO') ON CONFLICT DO NOTHING;
INSERT INTO procedimentos_cbhpm (codigo, procedimento_id, descricao, porte) VALUES ('3.14.01.26-0', 39, 'Tratamento cirúrgico da fístula liquórica', '10C') ON CONFLICT DO NOTHING;
INSERT INTO procedimentos_cbhpm (codigo, procedimento_id, descricao, porte) VALUES ('3.01.01.68-9', 39, 'Reconstrução com retalho da gálea aponeurótica *', '8C') ON CONFLICT DO NOTHING;
INSERT INTO procedimentos (id, nome) VALUES (40, '3.18 - CRANIOPLASTIA') ON CONFLICT DO NOTHING;
INSERT INTO procedimentos_cbhpm (codigo, procedimento_id, descricao, porte) VALUES ('3.02.15.01-3', 40, 'Cranioplastia', '9A') ON CONFLICT DO NOTHING;
INSERT INTO procedimentos_cbhpm (codigo, procedimento_id, descricao, porte) VALUES ('3.14.01.26-0', 40, 'Tratamento cirúrgico da fístula liquórica', '10C') ON CONFLICT DO NOTHING;
INSERT INTO procedimentos_cbhpm (codigo, procedimento_id, descricao, porte) VALUES ('3.01.01.68-9', 40, 'Reconstrução com retalho da gálea aponeurótica', '8C') ON CONFLICT DO NOTHING;
INSERT INTO procedimentos_cbhpm (codigo, procedimento_id, descricao, porte) VALUES ('3.02.10.10-0', 40, 'Reconstrução com rotação do músculo temporal', '9C') ON CONFLICT DO NOTHING;
INSERT INTO procedimentos (id, nome) VALUES (41, '3.19 – RETIRADA DE CORPO ESTRANHO DE CRÂNIO') ON CONFLICT DO NOTHING;
INSERT INTO procedimentos_cbhpm (codigo, procedimento_id, descricao, porte) VALUES ('3.14.01.04-0', 41, 'Craniotomia para remoção de corpo estranho', '11C') ON CONFLICT DO NOTHING;
INSERT INTO procedimentos_cbhpm (codigo, procedimento_id, descricao, porte) VALUES ('3.14.01.26-0', 41, 'Tratamento cirúrgico da fístula liquórica', '10C') ON CONFLICT DO NOTHING;
INSERT INTO procedimentos_cbhpm (codigo, procedimento_id, descricao, porte) VALUES ('3.01.01.68-9', 41, 'Reconstrução com retalho da gálea aponeurótica', '8C') ON CONFLICT DO NOTHING;
INSERT INTO procedimentos_cbhpm (codigo, procedimento_id, descricao, porte) VALUES ('3.02.10.10-0', 41, 'Reconstrução com rotação do músculo temporal*', '9C') ON CONFLICT DO NOTHING;
INSERT INTO procedimentos (id, nome) VALUES (42, '4.1 - Avaliação do Paciente Neurocrítico') ON CONFLICT DO NOTHING;
INSERT INTO procedimentos_cbhpm (codigo, procedimento_id, descricao, porte) VALUES ('1.01.04.01-1', 42, 'Atendimento do intensivista diarista por dia', '2B') ON CONFLICT DO NOTHING;
INSERT INTO procedimentos_cbhpm (codigo, procedimento_id, descricao, porte) VALUES ('4.13.01.20-0', 42, 'Exame de motilidade ocular (teste ortóptico) – binocular', '1B') ON CONFLICT DO NOTHING;
INSERT INTO procedimentos_cbhpm (codigo, procedimento_id, descricao, porte) VALUES ('2.02.01.08-7', 42, 'Tratamento conservador de TCE, HIC e hemorragia (por dia)*', '3C') ON CONFLICT DO NOTHING;
INSERT INTO procedimentos_cbhpm (codigo, procedimento_id, descricao, porte) VALUES ('3.07.15.34-2', 42, 'Tratamento conservador do traumatismo raquimedular (por dia)*', '3C') ON CONFLICT DO NOTHING;
INSERT INTO procedimentos (id, nome) VALUES (43, '4.2 - Monitorização da Pressão Intracraniana (PIC)') ON CONFLICT DO NOTHING;
INSERT INTO procedimentos_cbhpm (codigo, procedimento_id, descricao, porte) VALUES ('2.02.02.06-7', 43, 'Monitorização da pressão intracraniana', '2B') ON CONFLICT DO NOTHING;
INSERT INTO procedimentos (id, nome) VALUES (44, '4.3 – Eletroencefalografia (EEG)') ON CONFLICT DO NOTHING;
INSERT INTO procedimentos_cbhpm (codigo, procedimento_id, descricao, porte) VALUES ('4.01.03.20-0', 44, 'EEG especial: terapia intensiva, morte encefálica, EEG prolongada', '3B') ON CONFLICT DO NOTHING;
INSERT INTO procedimentos (id, nome) VALUES (45, '4.4 – Doppler Transcraniano (DTC)') ON CONFLICT DO NOTHING;
INSERT INTO procedimentos_cbhpm (codigo, procedimento_id, descricao, porte) VALUES ('4.09.01.60-2', 45, 'Doppler Transcraniano', '4A') ON CONFLICT DO NOTHING;
INSERT INTO procedimentos (id, nome) VALUES (46, '4.5 – Ultrassom do Nervo Óptico (USNO)') ON CONFLICT DO NOTHING;
INSERT INTO procedimentos_cbhpm (codigo, procedimento_id, descricao, porte) VALUES ('4.15.01.06-3', 46, 'Investigação ultrassônica com registro gráfico (qualquer área)', '2B') ON CONFLICT DO NOTHING;
INSERT INTO procedimentos_cbhpm (codigo, procedimento_id, descricao, porte) VALUES ('4.09.01.01-7', 46, 'Globo Ocular – Bilateral', '2B') ON CONFLICT DO NOTHING;
INSERT INTO procedimentos (id, nome) VALUES (47, '4.6 - Monitorização da Pressão de Perfusão Cerebral (PPC)') ON CONFLICT DO NOTHING;
INSERT INTO procedimentos_cbhpm (codigo, procedimento_id, descricao, porte) VALUES ('2.02.02.03-2', 47, 'Monitorização hemodinâmica invasiva por 12h', '2A') ON CONFLICT DO NOTHING;
INSERT INTO procedimentos_cbhpm (codigo, procedimento_id, descricao, porte) VALUES ('2.02.02.06-7', 47, 'Monitorização da pressão intracraniana', '2B') ON CONFLICT DO NOTHING;
INSERT INTO procedimentos (id, nome) VALUES (48, '4.7 - Monitorização da Autorregulação Cerebral - Índice de Reatividade') ON CONFLICT DO NOTHING;
INSERT INTO procedimentos_cbhpm (codigo, procedimento_id, descricao, porte) VALUES ('2.02.02.03-2', 48, 'Monitorização hemodinâmica invasiva por 12h', '2A') ON CONFLICT DO NOTHING;
INSERT INTO procedimentos_cbhpm (codigo, procedimento_id, descricao, porte) VALUES ('2.02.02.06-7', 48, 'Monitorização da pressão intracraniana', '2B') ON CONFLICT DO NOTHING;
INSERT INTO procedimentos (id, nome) VALUES (49, '4.8 - Implante Cateter Bulbo da Jugular') ON CONFLICT DO NOTHING;
INSERT INTO procedimentos_cbhpm (codigo, procedimento_id, descricao, porte) VALUES ('3.09.13.01-2', 49, 'Implante de cateter venoso central por punção', '4B') ON CONFLICT DO NOTHING;
INSERT INTO procedimentos (id, nome) VALUES (50, '4.9 - Implante cateter microdiálise cerebral') ON CONFLICT DO NOTHING;
INSERT INTO procedimentos_cbhpm (codigo, procedimento_id, descricao, porte) VALUES ('3.14.01.08-2', 50, 'Implante de cateter intracraniano', '8A') ON CONFLICT DO NOTHING;
INSERT INTO procedimentos_cbhpm (codigo, procedimento_id, descricao, porte) VALUES ('3.14.01.26-0', 50, 'Tratamento cirúrgico da fístula liquórica', '10C') ON CONFLICT DO NOTHING;
INSERT INTO procedimentos (id, nome) VALUES (51, '4.10 - Hipotermia') ON CONFLICT DO NOTHING;
INSERT INTO procedimentos_cbhpm (codigo, procedimento_id, descricao, porte) VALUES ('3.09.16.01-1', 51, 'Hipotermia profunda com ou sem parada ciruculatória total', '10A') ON CONFLICT DO NOTHING;
INSERT INTO procedimentos (id, nome) VALUES (52, '5.1 – TUMORES GERAIS') ON CONFLICT DO NOTHING;
INSERT INTO procedimentos_cbhpm (codigo, procedimento_id, descricao, porte) VALUES ('3.14.01.15-5', 52, 'Microcirurgia para tumores intracranianos', '14A') ON CONFLICT DO NOTHING;
INSERT INTO procedimentos_cbhpm (codigo, procedimento_id, descricao, porte) VALUES ('3.14.01.26-0', 52, 'Tratamento cirúrgico da fístula liquórica', '10C') ON CONFLICT DO NOTHING;
INSERT INTO procedimentos_cbhpm (codigo, procedimento_id, descricao, porte) VALUES ('3.01.01.68-9', 52, 'Reconstrução com retalho da gálea aponeurótica', '8C') ON CONFLICT DO NOTHING;
INSERT INTO procedimentos_cbhpm (codigo, procedimento_id, descricao, porte) VALUES ('3.02.15.04-8', 52, 'Reconstrução craniana ou craniofacial', '11A') ON CONFLICT DO NOTHING;
INSERT INTO procedimentos_cbhpm (codigo, procedimento_id, descricao, porte) VALUES ('3.04.04.12-6', 52, 'Ressecção do osso temporal*', '11B') ON CONFLICT DO NOTHING;
INSERT INTO procedimentos_cbhpm (codigo, procedimento_id, descricao, porte) VALUES ('3.02.10.10-0', 52, 'Reconstrução com rotação do músculo temporal*', '9C') ON CONFLICT DO NOTHING;
INSERT INTO procedimentos (id, nome) VALUES (53, '5.2 –BIÓPSIA ABERTA DE LESÕES DO ENCÉFALO') ON CONFLICT DO NOTHING;
INSERT INTO procedimentos_cbhpm (codigo, procedimento_id, descricao, porte) VALUES ('3.14.01.28-7', 53, 'Tratamento cirúrgico de tumores cerebrais sem microscopia', '10B') ON CONFLICT DO NOTHING;
INSERT INTO procedimentos_cbhpm (codigo, procedimento_id, descricao, porte) VALUES ('3.14.01.26-0', 53, 'Tratamento cirúrgico da fístula liquórica', '10C') ON CONFLICT DO NOTHING;
INSERT INTO procedimentos_cbhpm (codigo, procedimento_id, descricao, porte) VALUES ('3.04.04.12-6', 53, 'Ressecção do osso temporal*', '11B') ON CONFLICT DO NOTHING;
INSERT INTO procedimentos (id, nome) VALUES (54, '5.4 - TUMOR ÓSSEO PARIETAL, FRONTAL, OCIPITAL') ON CONFLICT DO NOTHING;
INSERT INTO procedimentos_cbhpm (codigo, procedimento_id, descricao, porte) VALUES ('3.02.15.03-0', 54, 'Craniotomia para tumores ósseos', '9A') ON CONFLICT DO NOTHING;
INSERT INTO procedimentos_cbhpm (codigo, procedimento_id, descricao, porte) VALUES ('3.02.15.04-8', 54, 'Reconstrução craniana ou craniofacial', '11A') ON CONFLICT DO NOTHING;
INSERT INTO procedimentos_cbhpm (codigo, procedimento_id, descricao, porte) VALUES ('3.01.01.68-9', 54, 'Reconstrução com retalho da gálea aponeurótica', '8C') ON CONFLICT DO NOTHING;
INSERT INTO procedimentos (id, nome) VALUES (55, '5.5 - TUMOR ÓSSEO TEMPORAL') ON CONFLICT DO NOTHING;
INSERT INTO procedimentos_cbhpm (codigo, procedimento_id, descricao, porte) VALUES ('3.04.04.12-6', 55, 'Ressecção do osso temporal', '11B') ON CONFLICT DO NOTHING;
INSERT INTO procedimentos_cbhpm (codigo, procedimento_id, descricao, porte) VALUES ('3.02.15.03-0', 55, 'Craniotomia para tumores ósseos', '9A') ON CONFLICT DO NOTHING;
INSERT INTO procedimentos_cbhpm (codigo, procedimento_id, descricao, porte) VALUES ('3.02.15.04-8', 55, 'Reconstrução craniana ou craniofacial', '11A') ON CONFLICT DO NOTHING;
INSERT INTO procedimentos_cbhpm (codigo, procedimento_id, descricao, porte) VALUES ('3.01.01.68-9', 55, 'Reconstrução com retalho da gálea aponeurótica', '8C') ON CONFLICT DO NOTHING;
INSERT INTO procedimentos_cbhpm (codigo, procedimento_id, descricao, porte) VALUES ('3.02.10.10-0', 55, 'Reconstrução com rotação do músculo temporal', '9C') ON CONFLICT DO NOTHING;
INSERT INTO procedimentos (id, nome) VALUES (56, '5.6 - TUMOR ÓSSEO ORBITAL/TEMPORAL') ON CONFLICT DO NOTHING;
INSERT INTO procedimentos_cbhpm (codigo, procedimento_id, descricao, porte) VALUES ('3.04.04.12-6', 56, 'Ressecção do osso temporal', '11B') ON CONFLICT DO NOTHING;
INSERT INTO procedimentos_cbhpm (codigo, procedimento_id, descricao, porte) VALUES ('3.03.02.13-7', 56, 'Tumor de Órbita – Exérese', '9C') ON CONFLICT DO NOTHING;
INSERT INTO procedimentos_cbhpm (codigo, procedimento_id, descricao, porte) VALUES ('3.03.02.02-1', 56, 'Descompressão de órbita ou nervo óptico', '9B') ON CONFLICT DO NOTHING;
INSERT INTO procedimentos_cbhpm (codigo, procedimento_id, descricao, porte) VALUES ('3.02.15.04-8', 56, 'Reconstrução craniana ou craniofacial', '11A') ON CONFLICT DO NOTHING;
INSERT INTO procedimentos_cbhpm (codigo, procedimento_id, descricao, porte) VALUES ('3.01.01.68-9', 56, 'Reconstrução com retalho da gálea aponeurótica', '8C') ON CONFLICT DO NOTHING;
INSERT INTO procedimentos_cbhpm (codigo, procedimento_id, descricao, porte) VALUES ('3.02.10.10-0', 56, 'Reconstrução com rotação do músculo temporal', '9C') ON CONFLICT DO NOTHING;
INSERT INTO procedimentos (id, nome) VALUES (57, '6.1 – TUMORES DA BASE CRÂNIO - ANTERIOR (Acesso Subfrontal)') ON CONFLICT DO NOTHING;
INSERT INTO procedimentos_cbhpm (codigo, procedimento_id, descricao, porte) VALUES ('3.14.01.15-5', 57, 'Microcirurgia para tumores intracranianos', '14A') ON CONFLICT DO NOTHING;
INSERT INTO procedimentos_cbhpm (codigo, procedimento_id, descricao, porte) VALUES ('3.05.02.27-6', 57, 'Sinusotomia Frontal via externa', '8B') ON CONFLICT DO NOTHING;
INSERT INTO procedimentos_cbhpm (codigo, procedimento_id, descricao, porte) VALUES ('3.14.01.26-0', 57, 'Tratamento cirúrgico da fístula liquórica', '10C') ON CONFLICT DO NOTHING;
INSERT INTO procedimentos_cbhpm (codigo, procedimento_id, descricao, porte) VALUES ('3.01.01.68-9', 57, 'Reconstrução com retalho da gálea aponeurótica', '8C') ON CONFLICT DO NOTHING;
INSERT INTO procedimentos_cbhpm (codigo, procedimento_id, descricao, porte) VALUES ('3.02.15.04-8', 57, 'Reconstrução craniana ou craniofacial', '11A') ON CONFLICT DO NOTHING;
INSERT INTO procedimentos (id, nome) VALUES (58, '6.2 – TUMORES BASE CRÂNIO - (Acesso Fronto-Órbito-Zigomático - FOZ)') ON CONFLICT DO NOTHING;
INSERT INTO procedimentos_cbhpm (codigo, procedimento_id, descricao, porte) VALUES ('3.14.01.15-5', 58, 'Microcirurgia para tumores intracranianos', '14A') ON CONFLICT DO NOTHING;
INSERT INTO procedimentos_cbhpm (codigo, procedimento_id, descricao, porte) VALUES ('3.04.04.12-6', 58, 'Ressecção do osso temporal', '11B') ON CONFLICT DO NOTHING;
INSERT INTO procedimentos_cbhpm (codigo, procedimento_id, descricao, porte) VALUES ('3.02.07.07-0', 58, 'Fratura do arco zigomático - redução cirúrgica com fixação', '9A') ON CONFLICT DO NOTHING;
INSERT INTO procedimentos_cbhpm (codigo, procedimento_id, descricao, porte) VALUES ('3.02.15.04-8', 58, 'Reconstrução craniana ou craniofacial', '11A') ON CONFLICT DO NOTHING;
INSERT INTO procedimentos_cbhpm (codigo, procedimento_id, descricao, porte) VALUES ('3.14.01.26-0', 58, 'Tratamento cirúrgico da fístula liquórica', '10C') ON CONFLICT DO NOTHING;
INSERT INTO procedimentos_cbhpm (codigo, procedimento_id, descricao, porte) VALUES ('3.03.02.10-2', 58, 'Reconstituição de paredes orbitárias', '9B') ON CONFLICT DO NOTHING;
INSERT INTO procedimentos_cbhpm (codigo, procedimento_id, descricao, porte) VALUES ('3.02.10.10-0', 58, 'Reconstrução com rotação do músculo temporal', '9C') ON CONFLICT DO NOTHING;
INSERT INTO procedimentos_cbhpm (codigo, procedimento_id, descricao, porte) VALUES ('3.01.01.68-9', 58, 'Reconstrução com retalho da gálea aponeurótica', '8C') ON CONFLICT DO NOTHING;
INSERT INTO procedimentos (id, nome) VALUES (59, '6.3 – TUMORES DA ÓRBITA') ON CONFLICT DO NOTHING;
INSERT INTO procedimentos_cbhpm (codigo, procedimento_id, descricao, porte) VALUES ('3.03.02.09-9', 59, 'Microcirurgia para tumores orbitários', '11B') ON CONFLICT DO NOTHING;
INSERT INTO procedimentos_cbhpm (codigo, procedimento_id, descricao, porte) VALUES ('3.04.04.12-6', 59, 'Ressecção do osso temporal', '11B') ON CONFLICT DO NOTHING;
INSERT INTO procedimentos_cbhpm (codigo, procedimento_id, descricao, porte) VALUES ('3.03.02.02-1', 59, 'Descompressão de órbita ou nervo óptico', '9B') ON CONFLICT DO NOTHING;
INSERT INTO procedimentos_cbhpm (codigo, procedimento_id, descricao, porte) VALUES ('3.03.02.10-2', 59, 'Reconstituição de paredes orbitárias', '9B') ON CONFLICT DO NOTHING;
INSERT INTO procedimentos_cbhpm (codigo, procedimento_id, descricao, porte) VALUES ('3.02.15.04-8', 59, 'Reconstrução craniana ou craniofacial', '11A') ON CONFLICT DO NOTHING;
INSERT INTO procedimentos_cbhpm (codigo, procedimento_id, descricao, porte) VALUES ('3.02.10.10-0', 59, 'Reconstrução com rotação do músculo temporal', '9C') ON CONFLICT DO NOTHING;
INSERT INTO procedimentos (id, nome) VALUES (60, '6.4 – TUMORES DO ÂNGULO PONTO-CEREBELAR (APC)') ON CONFLICT DO NOTHING;
INSERT INTO procedimentos_cbhpm (codigo, procedimento_id, descricao, porte) VALUES ('3.14.01.15-5', 60, 'Microcirurgia para tumores intracranianos', '14A') ON CONFLICT DO NOTHING;
INSERT INTO procedimentos_cbhpm (codigo, procedimento_id, descricao, porte) VALUES ('3.04.04.05-3', 60, 'Exploração e descompressão total do nervo facial (transmastóideo,', '11B') ON CONFLICT DO NOTHING;
INSERT INTO procedimentos_cbhpm (codigo, procedimento_id, descricao, porte) VALUES ('3.04.04.12-6', 60, 'Ressecção do osso temporal', '11B') ON CONFLICT DO NOTHING;
INSERT INTO procedimentos_cbhpm (codigo, procedimento_id, descricao, porte) VALUES ('3.14.01.26-0', 60, 'Tratamento cirúrgico da fístula liquórica', '10C') ON CONFLICT DO NOTHING;
INSERT INTO procedimentos_cbhpm (codigo, procedimento_id, descricao, porte) VALUES ('3.01.01.68-9', 60, 'Reconstrução com retalho da gálea aponeurótica', '8C') ON CONFLICT DO NOTHING;
INSERT INTO procedimentos_cbhpm (codigo, procedimento_id, descricao, porte) VALUES ('3.02.15.04-8', 60, 'Reconstrução craniana ou craniofacial', '11A') ON CONFLICT DO NOTHING;
INSERT INTO procedimentos (id, nome) VALUES (61, '6.5 – TUMORES DO FORAME MAGNO') ON CONFLICT DO NOTHING;
INSERT INTO procedimentos_cbhpm (codigo, procedimento_id, descricao, porte) VALUES ('3.14.01.15-5', 61, 'Microcirurgia para tumores intracranianos', '14A') ON CONFLICT DO NOTHING;
INSERT INTO procedimentos_cbhpm (codigo, procedimento_id, descricao, porte) VALUES ('3.07.15.09-1', 61, 'Descompressão medular e/ou cauda equina', '9C') ON CONFLICT DO NOTHING;
INSERT INTO procedimentos_cbhpm (codigo, procedimento_id, descricao, porte) VALUES ('3.14.01.26-0', 61, 'Tratamento cirúrgico da fístula liquórica', '10C') ON CONFLICT DO NOTHING;
INSERT INTO procedimentos_cbhpm (codigo, procedimento_id, descricao, porte) VALUES ('3.02.15.04-8', 61, 'Reconstrução craniana ou craniofacial*', '11A') ON CONFLICT DO NOTHING;
INSERT INTO procedimentos_cbhpm (codigo, procedimento_id, descricao, porte) VALUES ('3.01.01.68-9', 61, 'Reconstrução com retalho da gálea aponeurótica', '8C') ON CONFLICT DO NOTHING;
INSERT INTO procedimentos (id, nome) VALUES (62, '6.6 – TUMORES DO GLOMUS JUGULAR') ON CONFLICT DO NOTHING;
INSERT INTO procedimentos_cbhpm (codigo, procedimento_id, descricao, porte) VALUES ('3.14.01.15-5', 62, 'Microcirurgia para tumores intracranianos', '14A') ON CONFLICT DO NOTHING;
INSERT INTO procedimentos_cbhpm (codigo, procedimento_id, descricao, porte) VALUES ('3.04.03.06-5', 62, 'Glomus jugular - Ressecção', '11C') ON CONFLICT DO NOTHING;
INSERT INTO procedimentos_cbhpm (codigo, procedimento_id, descricao, porte) VALUES ('3.04.04.12-6', 62, 'Ressecção do osso temporal', '11B') ON CONFLICT DO NOTHING;
INSERT INTO procedimentos_cbhpm (codigo, procedimento_id, descricao, porte) VALUES ('3.04.04.05-3', 62, 'Exploração e descompressão total do nervo facial (transmastóideo,', '11B') ON CONFLICT DO NOTHING;
INSERT INTO procedimentos_cbhpm (codigo, procedimento_id, descricao, porte) VALUES ('3.01.01.68-9', 62, 'Reconstrução com retalho da gálea aponeurótica', '8C') ON CONFLICT DO NOTHING;
INSERT INTO procedimentos_cbhpm (codigo, procedimento_id, descricao, porte) VALUES ('3.02.15.04-8', 62, 'Reconstrução craniana ou craniofacial', '11A') ON CONFLICT DO NOTHING;
INSERT INTO procedimentos_cbhpm (codigo, procedimento_id, descricao, porte) VALUES ('3.14.01.26-0', 62, 'Tratamento cirúrgico da fístula liquórica', '10C') ON CONFLICT DO NOTHING;
INSERT INTO procedimentos (id, nome) VALUES (63, '6.7 – CIRURGIA TRANSESFENOIDAL TRADICIONAL (ACESSO SUBLABIAL)') ON CONFLICT DO NOTHING;
INSERT INTO procedimentos_cbhpm (codigo, procedimento_id, descricao, porte) VALUES ('3.14.01.16-3', 63, 'Microcirurgia por via Transesfenoidal', '11A') ON CONFLICT DO NOTHING;
INSERT INTO procedimentos_cbhpm (codigo, procedimento_id, descricao, porte) VALUES ('3.03.02.02-1', 63, 'Descompressão do nervo óptico', '9B') ON CONFLICT DO NOTHING;
INSERT INTO procedimentos_cbhpm (codigo, procedimento_id, descricao, porte) VALUES ('3.05.01.20-2', 63, 'Fechamento de fístula liquórica transnasal', '8B') ON CONFLICT DO NOTHING;
INSERT INTO procedimentos_cbhpm (codigo, procedimento_id, descricao, porte) VALUES ('3.05.02.14-4', 63, 'Maxilectomia parcial', '8B') ON CONFLICT DO NOTHING;
INSERT INTO procedimentos_cbhpm (codigo, procedimento_id, descricao, porte) VALUES ('4.08.11.02-6', 63, 'Radioscopia para acompanhamento de procedimento cirúrgico (por hora)', '2B') ON CONFLICT DO NOTHING;
INSERT INTO procedimentos (id, nome) VALUES (64, '6.8 – CIRURGIA TRANSESFENOIDAL TRADICIONAL (ACESSO TRANSNASAL)') ON CONFLICT DO NOTHING;
INSERT INTO procedimentos_cbhpm (codigo, procedimento_id, descricao, porte) VALUES ('3.14.01.15-5', 64, 'Microcirurgia para tumores intracranianos', '14A') ON CONFLICT DO NOTHING;
INSERT INTO procedimentos_cbhpm (codigo, procedimento_id, descricao, porte) VALUES ('3.14.01.16-3', 64, 'Microcirurgia por via Transesfenoidal', '11A') ON CONFLICT DO NOTHING;
INSERT INTO procedimentos_cbhpm (codigo, procedimento_id, descricao, porte) VALUES ('3.03.02.02-1', 64, 'Descompressão do nervo óptico', '9B') ON CONFLICT DO NOTHING;
INSERT INTO procedimentos_cbhpm (codigo, procedimento_id, descricao, porte) VALUES ('3.05.01.20-2', 64, 'Fechamento de fístula liquórica transnasal', '8B') ON CONFLICT DO NOTHING;
INSERT INTO procedimentos_cbhpm (codigo, procedimento_id, descricao, porte) VALUES ('4.08.11.02-6', 64, 'Radioscopia para acompanhamento de procedimento cirurgico (por hora)', '2B') ON CONFLICT DO NOTHING;
INSERT INTO procedimentos (id, nome) VALUES (65, '6.9 – CIRURGIA TRANSESFENOIDAL ENDOSCÓPICA I') ON CONFLICT DO NOTHING;
INSERT INTO procedimentos_cbhpm (codigo, procedimento_id, descricao, porte) VALUES ('3.14.01.15-5', 65, 'Microcirurgia para tumores intracranianos', '14A') ON CONFLICT DO NOTHING;
INSERT INTO procedimentos_cbhpm (codigo, procedimento_id, descricao, porte) VALUES ('3.14.01.03-1', 65, 'Cirurgia Intracraniana por via endoscópica', '11A') ON CONFLICT DO NOTHING;
INSERT INTO procedimentos_cbhpm (codigo, procedimento_id, descricao, porte) VALUES ('3.03.02.02-1', 65, 'Descompressão do nervo óptico', '9B') ON CONFLICT DO NOTHING;
INSERT INTO procedimentos_cbhpm (codigo, procedimento_id, descricao, porte) VALUES ('3.05.01.20-2', 65, 'Fechamento de fístula liquórica transnasal', '8B') ON CONFLICT DO NOTHING;
INSERT INTO procedimentos (id, nome) VALUES (66, '6.10 – CIRURGIA TRANSESFENOIDAL ENDOSCÓPICA II') ON CONFLICT DO NOTHING;
INSERT INTO procedimentos_cbhpm (codigo, procedimento_id, descricao, porte) VALUES ('3.14.01.15-5', 66, 'Microcirurgia para tumores intracranianos', '14A') ON CONFLICT DO NOTHING;
INSERT INTO procedimentos_cbhpm (codigo, procedimento_id, descricao, porte) VALUES ('3.14.01.16-3', 66, 'Microcirurgia por via Transesfenoidal', '11A') ON CONFLICT DO NOTHING;
INSERT INTO procedimentos_cbhpm (codigo, procedimento_id, descricao, porte) VALUES ('3.14.01.03-1', 66, 'Cirurgia Intracraniana por via endoscópica', '11A') ON CONFLICT DO NOTHING;
INSERT INTO procedimentos_cbhpm (codigo, procedimento_id, descricao, porte) VALUES ('3.05.01.53-9', 66, 'Septoplastia por videoendoscopia', '9A') ON CONFLICT DO NOTHING;
INSERT INTO procedimentos_cbhpm (codigo, procedimento_id, descricao, porte) VALUES ('3.05.01.45-8', 66, 'Turbinectomia ou turbinoplastia - unilateral', '3B') ON CONFLICT DO NOTHING;
INSERT INTO procedimentos_cbhpm (codigo, procedimento_id, descricao, porte) VALUES ('3.05.02.34-9', 66, 'Sinusotomia esfenoidal por videoendoscopia', '9B') ON CONFLICT DO NOTHING;
INSERT INTO procedimentos_cbhpm (codigo, procedimento_id, descricao, porte) VALUES ('3.05.02.32-2', 66, 'Sinusectomia maxilar - via endonasal por videoendoscopia*', '9B') ON CONFLICT DO NOTHING;
INSERT INTO procedimentos_cbhpm (codigo, procedimento_id, descricao, porte) VALUES ('3.05.02.31-4', 66, 'Etmoidectomia intranasal por videoendoscopia *', '9B') ON CONFLICT DO NOTHING;
INSERT INTO procedimentos_cbhpm (codigo, procedimento_id, descricao, porte) VALUES ('3.03.02.09-9', 66, 'Microcirurgia para tumores orbitários **', '11B') ON CONFLICT DO NOTHING;
INSERT INTO procedimentos_cbhpm (codigo, procedimento_id, descricao, porte) VALUES ('3.03.02.02-1', 66, 'Descompressão do nervo óptico', '9B') ON CONFLICT DO NOTHING;
INSERT INTO procedimentos_cbhpm (codigo, procedimento_id, descricao, porte) VALUES ('3.05.01.20-2', 66, 'Fechamento de fístula liquórica transnasal', '8B') ON CONFLICT DO NOTHING;
INSERT INTO procedimentos_cbhpm (codigo, procedimento_id, descricao, porte) VALUES ('4.08.11.02-6', 66, 'Radioscopia para acompanhamento de procedimento cirurgico (por hora)', '2B') ON CONFLICT DO NOTHING;
INSERT INTO procedimentos (id, nome) VALUES (67, '7.1 – ANEURISMA CEREBRAL ou MAV NÃO-ROTOS') ON CONFLICT DO NOTHING;
INSERT INTO procedimentos_cbhpm (codigo, procedimento_id, descricao, porte) VALUES ('3.14.01.17-1', 67, 'Microcirurgia vascular intracraniana', '14A') ON CONFLICT DO NOTHING;
INSERT INTO procedimentos_cbhpm (codigo, procedimento_id, descricao, porte) VALUES ('3.04.04.12-6', 67, 'Ressecção do osso temporal', '11B') ON CONFLICT DO NOTHING;
INSERT INTO procedimentos_cbhpm (codigo, procedimento_id, descricao, porte) VALUES ('3.14.01.26-0', 67, 'Tratamento cirúrgico da fístula liquórica', '10C') ON CONFLICT DO NOTHING;
INSERT INTO procedimentos_cbhpm (codigo, procedimento_id, descricao, porte) VALUES ('3.01.01.68-9', 67, 'Reconstrução com retalho da gálea aponeurótica', '8C') ON CONFLICT DO NOTHING;
INSERT INTO procedimentos_cbhpm (codigo, procedimento_id, descricao, porte) VALUES ('3.02.15.04-8', 67, 'Reconstrução craniana ou craniofacial', '11A') ON CONFLICT DO NOTHING;
INSERT INTO procedimentos_cbhpm (codigo, procedimento_id, descricao, porte) VALUES ('3.02.07.07-0', 67, 'Fratura do arco zigomático - redução cirúrgica com fixação*', '9A') ON CONFLICT DO NOTHING;
INSERT INTO procedimentos_cbhpm (codigo, procedimento_id, descricao, porte) VALUES ('3.03.02.10-2', 67, 'Reconstituição de paredes orbitárias*', '9B') ON CONFLICT DO NOTHING;
INSERT INTO procedimentos_cbhpm (codigo, procedimento_id, descricao, porte) VALUES ('3.02.10.10-0', 67, 'Reconstrução com rotação do músculo temporal', '9C') ON CONFLICT DO NOTHING;
INSERT INTO procedimentos (id, nome) VALUES (68, '7.2 – ANEURISMA CEREBRAL ou MAV ROTOS') ON CONFLICT DO NOTHING;
INSERT INTO procedimentos_cbhpm (codigo, procedimento_id, descricao, porte) VALUES ('3.04.04.12-6', 68, 'Ressecção do osso temporal', '11B') ON CONFLICT DO NOTHING;
INSERT INTO procedimentos_cbhpm (codigo, procedimento_id, descricao, porte) VALUES ('3.14.01.17-1', 68, 'Microcirurgia vascular intracraniana', '14A') ON CONFLICT DO NOTHING;
INSERT INTO procedimentos_cbhpm (codigo, procedimento_id, descricao, porte) VALUES ('3.14.01.30-9', 68, 'Tratamento cirúrgico do hematoma intracraniano', '10B') ON CONFLICT DO NOTHING;
INSERT INTO procedimentos_cbhpm (codigo, procedimento_id, descricao, porte) VALUES ('3.14.01.24-4', 68, 'Terceiro-ventriculostomia*', '9C') ON CONFLICT DO NOTHING;
INSERT INTO procedimentos_cbhpm (codigo, procedimento_id, descricao, porte) VALUES ('3.14.01.05-8', 68, 'Derivação Ventricular Externa **', '5C') ON CONFLICT DO NOTHING;
INSERT INTO procedimentos_cbhpm (codigo, procedimento_id, descricao, porte) VALUES ('3.14.01.08-2', 68, 'Implante de cateter intracraniano **', '8A') ON CONFLICT DO NOTHING;
INSERT INTO procedimentos_cbhpm (codigo, procedimento_id, descricao, porte) VALUES ('3.14.01.10-4', 68, 'Implante de eletrodos medular ou cerebral**', '10A') ON CONFLICT DO NOTHING;
INSERT INTO procedimentos_cbhpm (codigo, procedimento_id, descricao, porte) VALUES ('2.02.02.06-7', 68, 'Monitorização da pressão intracraniana**', '2B') ON CONFLICT DO NOTHING;
INSERT INTO procedimentos_cbhpm (codigo, procedimento_id, descricao, porte) VALUES ('3.01.01.68-9', 68, 'Reconstrução com retalho da gálea aponeurótica', '8C') ON CONFLICT DO NOTHING;
INSERT INTO procedimentos_cbhpm (codigo, procedimento_id, descricao, porte) VALUES ('3.14.01.26-0', 68, 'Tratamento cirúrgico da fístula liquórica', '10C') ON CONFLICT DO NOTHING;
INSERT INTO procedimentos_cbhpm (codigo, procedimento_id, descricao, porte) VALUES ('3.02.15.04-8', 68, 'Reconstrução craniana ou craniofacial', '11A') ON CONFLICT DO NOTHING;
INSERT INTO procedimentos_cbhpm (codigo, procedimento_id, descricao, porte) VALUES ('3.02.07.07-0', 68, 'Fratura do arco zigomático - redução cirúrgica com fixação***', '9A') ON CONFLICT DO NOTHING;
INSERT INTO procedimentos_cbhpm (codigo, procedimento_id, descricao, porte) VALUES ('3.03.02.10-2', 68, 'Reconstituição de paredes orbitárias***', '9B') ON CONFLICT DO NOTHING;
INSERT INTO procedimentos_cbhpm (codigo, procedimento_id, descricao, porte) VALUES ('3.02.10.10-0', 68, 'Reconstrução com rotação do músculo temporal', '9C') ON CONFLICT DO NOTHING;
INSERT INTO procedimentos (id, nome) VALUES (69, '7.3 – ENDARTERECTOMIA DE CARÓTIDA') ON CONFLICT DO NOTHING;
INSERT INTO procedimentos_cbhpm (codigo, procedimento_id, descricao, porte) VALUES ('3.02.12.01-4', 69, 'Cervicotomia exploradora', '7C') ON CONFLICT DO NOTHING;
INSERT INTO procedimentos_cbhpm (codigo, procedimento_id, descricao, porte) VALUES ('3.09.06.19-9', 69, 'Endarterectomia carotídea - cada segmento tratado', '11B') ON CONFLICT DO NOTHING;
INSERT INTO procedimentos_cbhpm (codigo, procedimento_id, descricao, porte) VALUES ('4.08.10.02-0', 69, 'Teste de oclusão de arteria carótida ou vertebral', '7B') ON CONFLICT DO NOTHING;
INSERT INTO procedimentos_cbhpm (codigo, procedimento_id, descricao, porte) VALUES ('3.09.06.21-0', 69, 'Ligadura de carótidas ou ramos', '8B') ON CONFLICT DO NOTHING;
INSERT INTO procedimentos (id, nome) VALUES (70, '7.4 – MICROCIRURGIA PARA DESCOMPRESSÃO NEUROVASCULAR') ON CONFLICT DO NOTHING;
INSERT INTO procedimentos_cbhpm (codigo, procedimento_id, descricao, porte) VALUES ('3.14.04.01-4', 70, 'Descompressão vascular de nervos cranianos', '11A') ON CONFLICT DO NOTHING;
INSERT INTO procedimentos_cbhpm (codigo, procedimento_id, descricao, porte) VALUES ('3.04.04.12-6', 70, 'Ressecção do osso temporal', '11B') ON CONFLICT DO NOTHING;
INSERT INTO procedimentos_cbhpm (codigo, procedimento_id, descricao, porte) VALUES ('3.02.15.04-8', 70, 'Reconstrução craniana ou craniofacial', '11A') ON CONFLICT DO NOTHING;
INSERT INTO procedimentos_cbhpm (codigo, procedimento_id, descricao, porte) VALUES ('3.14.01.26-0', 70, 'Tratamento cirúrgico da fístula liquórica', '10C') ON CONFLICT DO NOTHING;
INSERT INTO procedimentos_cbhpm (codigo, procedimento_id, descricao, porte) VALUES ('3.01.01.68-9', 70, 'Reconstrução com retalho da gálea aponeurótica', '8C') ON CONFLICT DO NOTHING;
INSERT INTO procedimentos (id, nome) VALUES (71, '7.5 – BYPASS INDIRETO') ON CONFLICT DO NOTHING;
INSERT INTO procedimentos_cbhpm (codigo, procedimento_id, descricao, porte) VALUES ('3.04.04.12-6', 71, 'Ressecção do osso temporal', '11B') ON CONFLICT DO NOTHING;
INSERT INTO procedimentos_cbhpm (codigo, procedimento_id, descricao, porte) VALUES ('3.14.01.17-1', 71, 'Microcirurgia vascular intracraniana', '14A') ON CONFLICT DO NOTHING;
INSERT INTO procedimentos_cbhpm (codigo, procedimento_id, descricao, porte) VALUES ('3.09.06.43-1', 71, 'Tratamento cirúrgico da isquemia cerebral', '12C') ON CONFLICT DO NOTHING;
INSERT INTO procedimentos_cbhpm (codigo, procedimento_id, descricao, porte) VALUES ('3.07.05.06-1', 71, 'Autotransplante de outros retalhos, isolados entre si, e associados mediante', '13A') ON CONFLICT DO NOTHING;
INSERT INTO procedimentos_cbhpm (codigo, procedimento_id, descricao, porte) VALUES ('3.01.01.68-9', 71, 'Reconstrução com retalho da gálea aponeurótica', '8C') ON CONFLICT DO NOTHING;
INSERT INTO procedimentos_cbhpm (codigo, procedimento_id, descricao, porte) VALUES ('3.14.01.26-0', 71, 'Tratamento cirúrgico da fístula liquórica', '10C') ON CONFLICT DO NOTHING;
INSERT INTO procedimentos_cbhpm (codigo, procedimento_id, descricao, porte) VALUES ('3.02.15.04-8', 71, 'Reconstrução craniana ou craniofacial', '11A') ON CONFLICT DO NOTHING;
INSERT INTO procedimentos_cbhpm (codigo, procedimento_id, descricao, porte) VALUES ('3.02.10.10-0', 71, 'Reconstrução com rotação do músculo temporal', '9C') ON CONFLICT DO NOTHING;
INSERT INTO procedimentos_cbhpm (codigo, procedimento_id, descricao, porte) VALUES ('4.09.02.06-4', 71, 'Doppler colorido intra-operatório', '5B') ON CONFLICT DO NOTHING;
INSERT INTO procedimentos (id, nome) VALUES (72, '7.6 – BYPASS DIRETO (ATS – ACM) – BAIXO FLUXO') ON CONFLICT DO NOTHING;
INSERT INTO procedimentos_cbhpm (codigo, procedimento_id, descricao, porte) VALUES ('3.09.01.09-0', 72, 'Redirecionamento do fluxo sanguíneo (com anastomose direta, retalho,', '14A') ON CONFLICT DO NOTHING;
INSERT INTO procedimentos_cbhpm (codigo, procedimento_id, descricao, porte) VALUES ('3.14.01.17-1', 72, 'Microcirurgia vascular intracraniana', '14A') ON CONFLICT DO NOTHING;
INSERT INTO procedimentos_cbhpm (codigo, procedimento_id, descricao, porte) VALUES ('3.09.06.43-1', 72, 'Tratamento cirúrgico da isquemia cerebral', '12C') ON CONFLICT DO NOTHING;
INSERT INTO procedimentos_cbhpm (codigo, procedimento_id, descricao, porte) VALUES ('3.04.04.12-6', 72, 'Ressecção do osso temporal', '11B') ON CONFLICT DO NOTHING;
INSERT INTO procedimentos_cbhpm (codigo, procedimento_id, descricao, porte) VALUES ('3.01.01.68-9', 72, 'Reconstrução com retalho da gálea aponeurótica', '8C') ON CONFLICT DO NOTHING;
INSERT INTO procedimentos_cbhpm (codigo, procedimento_id, descricao, porte) VALUES ('3.14.01.26-0', 72, 'Tratamento cirúrgico da fístula liquórica', '10C') ON CONFLICT DO NOTHING;
INSERT INTO procedimentos_cbhpm (codigo, procedimento_id, descricao, porte) VALUES ('3.02.15.04-8', 72, 'Reconstrução craniana ou craniofacial', '11A') ON CONFLICT DO NOTHING;
INSERT INTO procedimentos_cbhpm (codigo, procedimento_id, descricao, porte) VALUES ('3.02.10.10-0', 72, 'Reconstrução com rotação do músculo temporal', '9C') ON CONFLICT DO NOTHING;
INSERT INTO procedimentos_cbhpm (codigo, procedimento_id, descricao, porte) VALUES ('4.09.02.06-4', 72, 'Doppler colorido intra-operatório', '5B') ON CONFLICT DO NOTHING;
INSERT INTO procedimentos (id, nome) VALUES (73, '7.7 – BYPASS DIRETO (ACE – ACI) – ALTO FLUXO') ON CONFLICT DO NOTHING;
INSERT INTO procedimentos_cbhpm (codigo, procedimento_id, descricao, porte) VALUES ('3.09.01.09-0', 73, 'Redirecionamento do fluxo sanguíneo (com anastomose direta, retalho,', '14A') ON CONFLICT DO NOTHING;
INSERT INTO procedimentos_cbhpm (codigo, procedimento_id, descricao, porte) VALUES ('3.14.01.17-1', 73, 'Microcirurgia vascular intracraniana', '14A') ON CONFLICT DO NOTHING;
INSERT INTO procedimentos_cbhpm (codigo, procedimento_id, descricao, porte) VALUES ('3.09.06.43-1', 73, 'Tratamento cirúrgico da isquemia cerebral', '12C') ON CONFLICT DO NOTHING;
INSERT INTO procedimentos_cbhpm (codigo, procedimento_id, descricao, porte) VALUES ('3.04.04.12-6', 73, 'Ressecção do osso temporal', '11B') ON CONFLICT DO NOTHING;
INSERT INTO procedimentos_cbhpm (codigo, procedimento_id, descricao, porte) VALUES ('3.01.01.68-9', 73, 'Reconstrução com retalho da gálea aponeurótica', '8C') ON CONFLICT DO NOTHING;
INSERT INTO procedimentos_cbhpm (codigo, procedimento_id, descricao, porte) VALUES ('3.09.06.35-0', 73, 'Pontes transcervicais – qualquer tipo', '10C') ON CONFLICT DO NOTHING;
INSERT INTO procedimentos_cbhpm (codigo, procedimento_id, descricao, porte) VALUES ('3.09.06.37-7', 73, 'Preparo de veia autóloga para remendos vasculares', '3C') ON CONFLICT DO NOTHING;
INSERT INTO procedimentos_cbhpm (codigo, procedimento_id, descricao, porte) VALUES ('4.09.02.06-4', 73, 'Doppler colorido intra-operatório', '5B') ON CONFLICT DO NOTHING;
INSERT INTO procedimentos_cbhpm (codigo, procedimento_id, descricao, porte) VALUES ('3.14.01.26-0', 73, 'Tratamento cirúrgico da fístula liquórica', '10C') ON CONFLICT DO NOTHING;
INSERT INTO procedimentos_cbhpm (codigo, procedimento_id, descricao, porte) VALUES ('3.02.15.04-8', 73, 'Reconstrução craniana ou craniofacial', '11A') ON CONFLICT DO NOTHING;
INSERT INTO procedimentos_cbhpm (codigo, procedimento_id, descricao, porte) VALUES ('3.02.10.10-0', 73, 'Reconstrução com rotação do músculo temporal', '9C') ON CONFLICT DO NOTHING;
INSERT INTO procedimentos (id, nome) VALUES (74, '7.8 – BYPASS DIRETO (SISTEMA VÉRTEBRO BASILAR)') ON CONFLICT DO NOTHING;
INSERT INTO procedimentos_cbhpm (codigo, procedimento_id, descricao, porte) VALUES ('3.09.01.09-0', 74, 'Redirecionamento do fluxo sanguíneo (com anastomose direta, retalho,', '14A') ON CONFLICT DO NOTHING;
INSERT INTO procedimentos_cbhpm (codigo, procedimento_id, descricao, porte) VALUES ('3.14.01.17-1', 74, 'Microcirurgia vascular intracraniana', '14A') ON CONFLICT DO NOTHING;
INSERT INTO procedimentos_cbhpm (codigo, procedimento_id, descricao, porte) VALUES ('3.09.06.43-1', 74, 'Tratamento cirúrgico da isquemia cerebral', '12C') ON CONFLICT DO NOTHING;
INSERT INTO procedimentos_cbhpm (codigo, procedimento_id, descricao, porte) VALUES ('3.09.06.44-0', 74, 'Tratamento cirúrgico de síndrome vértebro basilar', '11A') ON CONFLICT DO NOTHING;
INSERT INTO procedimentos_cbhpm (codigo, procedimento_id, descricao, porte) VALUES ('3.01.01.68-9', 74, 'Reconstrução com retalho da gálea aponeurótica', '8C') ON CONFLICT DO NOTHING;
INSERT INTO procedimentos_cbhpm (codigo, procedimento_id, descricao, porte) VALUES ('3.09.06.35-0', 74, 'Pontes transcervicais – qualquer tipo', '10C') ON CONFLICT DO NOTHING;
INSERT INTO procedimentos_cbhpm (codigo, procedimento_id, descricao, porte) VALUES ('3.09.06.37-7', 74, 'Preparo de veia autóloga para remendos vasculares', '3C') ON CONFLICT DO NOTHING;
INSERT INTO procedimentos_cbhpm (codigo, procedimento_id, descricao, porte) VALUES ('4.09.02.06-4', 74, 'Doppler colorido intra-operatório', '5B') ON CONFLICT DO NOTHING;
INSERT INTO procedimentos_cbhpm (codigo, procedimento_id, descricao, porte) VALUES ('3.14.01.26-0', 74, 'Tratamento cirúrgico da fístula liquórica', '10C') ON CONFLICT DO NOTHING;
INSERT INTO procedimentos_cbhpm (codigo, procedimento_id, descricao, porte) VALUES ('3.02.15.04-8', 74, 'Reconstrução craniana ou craniofacial', '11A') ON CONFLICT DO NOTHING;
INSERT INTO procedimentos (id, nome) VALUES (75, '8.1 – ANGIOGRAFIA CEREBRAL DE 4 VASOS') ON CONFLICT DO NOTHING;
INSERT INTO procedimentos_cbhpm (codigo, procedimento_id, descricao, porte) VALUES ('4.08.12.05-7', 75, 'Angiografia por cateterismo super-seletivo de ramo secundário ou distal', '5C') ON CONFLICT DO NOTHING;
INSERT INTO procedimentos_cbhpm (codigo, procedimento_id, descricao, porte) VALUES ('3.09.11.09-5', 75, 'Cateterismo e estudo cineangiográfico da aorta e/ou seus ramos', '5A') ON CONFLICT DO NOTHING;
INSERT INTO procedimentos_cbhpm (codigo, procedimento_id, descricao, porte) VALUES ('4.08.12.04-9', 75, 'Angiografia por cateterismo seletivo de ramo primário por vaso', '4C') ON CONFLICT DO NOTHING;
INSERT INTO procedimentos_cbhpm (codigo, procedimento_id, descricao, porte) VALUES ('4.08.12.03-0', 75, 'Angiografia por cateterismo não seletivo de grande vaso', '5B') ON CONFLICT DO NOTHING;
INSERT INTO procedimentos_cbhpm (codigo, procedimento_id, descricao, porte) VALUES ('4.08.12.02-2', 75, 'Angiografia por punção', '3C') ON CONFLICT DO NOTHING;
INSERT INTO procedimentos_cbhpm (codigo, procedimento_id, descricao, porte) VALUES ('4.08.10.02-0', 75, 'Teste de oclusão de arteria carótida ou vertebral *', '7B') ON CONFLICT DO NOTHING;
INSERT INTO procedimentos_cbhpm (codigo, procedimento_id, descricao, porte) VALUES ('4.08.11.02-6', 75, 'Radioscopia para acompanhamento de procedimento cirúrgico', '2B') ON CONFLICT DO NOTHING;
INSERT INTO procedimentos_cbhpm (codigo, procedimento_id, descricao, porte) VALUES ('3.01.01.23-9', 75, 'Curativo especial sob anestesia - por unidade topográfica (UT)', '2C') ON CONFLICT DO NOTHING;
INSERT INTO procedimentos (id, nome) VALUES (76, '8.2 – ANGIOGRAFIA CEREBRAL DE 6 VASOS') ON CONFLICT DO NOTHING;
INSERT INTO procedimentos_cbhpm (codigo, procedimento_id, descricao, porte) VALUES ('3.09.11.09-5', 76, 'Cateterismo e estudo cineangiográfico da aorta e/ou seus ramos', '5A') ON CONFLICT DO NOTHING;
INSERT INTO procedimentos_cbhpm (codigo, procedimento_id, descricao, porte) VALUES ('4.08.12.05-7', 76, 'Angiografia por cateterismo super-seletivo de ramo secundário ou distal por', '5C') ON CONFLICT DO NOTHING;
INSERT INTO procedimentos_cbhpm (codigo, procedimento_id, descricao, porte) VALUES ('4.08.12.04-9', 76, 'Angiografia por cateterismo seletivo de ramo primário por vaso', '4C') ON CONFLICT DO NOTHING;
INSERT INTO procedimentos_cbhpm (codigo, procedimento_id, descricao, porte) VALUES ('4.08.12.03-0', 76, 'Angiografia por cateterismo não seletivo de grande vaso', '5B') ON CONFLICT DO NOTHING;
INSERT INTO procedimentos_cbhpm (codigo, procedimento_id, descricao, porte) VALUES ('4.08.12.02-2', 76, 'Angiografia por punção', '3C') ON CONFLICT DO NOTHING;
INSERT INTO procedimentos_cbhpm (codigo, procedimento_id, descricao, porte) VALUES ('4.08.10.02-0', 76, 'Teste de oclusão de arteria carótida ou vertebral *', '7B') ON CONFLICT DO NOTHING;
INSERT INTO procedimentos_cbhpm (codigo, procedimento_id, descricao, porte) VALUES ('4.08.11.02-6', 76, 'Radioscopia para acompanhamento de procedimento cirúrgico', '2B') ON CONFLICT DO NOTHING;
INSERT INTO procedimentos_cbhpm (codigo, procedimento_id, descricao, porte) VALUES ('3.01.01.23-9', 76, 'Curativo especial sob anestesia - por unidade topográfica (UT)', '2C') ON CONFLICT DO NOTHING;
INSERT INTO procedimentos (id, nome) VALUES (77, '8.3 – EPISTAXE - TRATAMENTO ENDOVASCULAR') ON CONFLICT DO NOTHING;
INSERT INTO procedimentos_cbhpm (codigo, procedimento_id, descricao, porte) VALUES ('4.08.13.58-4', 77, 'Embolização para tratamento de epistaxe', '8C') ON CONFLICT DO NOTHING;
INSERT INTO procedimentos_cbhpm (codigo, procedimento_id, descricao, porte) VALUES ('3.09.11.09-5', 77, 'Cateterismo e estudo cineangiográfico da aorta e/ou seus ramos', '5A') ON CONFLICT DO NOTHING;
INSERT INTO procedimentos_cbhpm (codigo, procedimento_id, descricao, porte) VALUES ('4.08.12.04-9', 77, 'Angiografia por cateterismo seletivo de ramo primário por vaso', '4C') ON CONFLICT DO NOTHING;
INSERT INTO procedimentos_cbhpm (codigo, procedimento_id, descricao, porte) VALUES ('4.08.12.05-7', 77, 'Angiografia por cateterismo super-seletivo de ramo secundário ou distal', '5C') ON CONFLICT DO NOTHING;
INSERT INTO procedimentos_cbhpm (codigo, procedimento_id, descricao, porte) VALUES ('4.08.12.03-0', 77, 'Angiografia por cateterismo não seletivo de grande vaso', '5B') ON CONFLICT DO NOTHING;
INSERT INTO procedimentos_cbhpm (codigo, procedimento_id, descricao, porte) VALUES ('4.08.12.06-5', 77, 'Angiografia trans-operatória de posicionamento', '2C') ON CONFLICT DO NOTHING;
INSERT INTO procedimentos_cbhpm (codigo, procedimento_id, descricao, porte) VALUES ('4.08.12.07-3', 77, 'Angiografia pos-operatória de controle', '2C') ON CONFLICT DO NOTHING;
INSERT INTO procedimentos_cbhpm (codigo, procedimento_id, descricao, porte) VALUES ('4.08.12.02-2', 77, 'Angiografia por punção', '3C') ON CONFLICT DO NOTHING;
INSERT INTO procedimentos_cbhpm (codigo, procedimento_id, descricao, porte) VALUES ('4.08.10.02-0', 77, 'Teste de oclusão de arteria carótida ou vertebral', '7B') ON CONFLICT DO NOTHING;
INSERT INTO procedimentos_cbhpm (codigo, procedimento_id, descricao, porte) VALUES ('3.09.12.21-0', 77, 'Retira percutânea de corpos estranhos vasculares*', '7C') ON CONFLICT DO NOTHING;
INSERT INTO procedimentos_cbhpm (codigo, procedimento_id, descricao, porte) VALUES ('4.08.11.02-6', 77, 'Radioscopia para acompanhamento de procedimento cirúrgico', '2B') ON CONFLICT DO NOTHING;
INSERT INTO procedimentos_cbhpm (codigo, procedimento_id, descricao, porte) VALUES ('3.01.01.23-9', 77, 'Curativo especial sob anestesia - por unidade topográfica (UT)', '2C') ON CONFLICT DO NOTHING;
INSERT INTO procedimentos (id, nome) VALUES (78, '8.4 – TRATAMENTO ENDOVASCULAR DE ANEURISMA CEREBRAL NÃO-ROTO') ON CONFLICT DO NOTHING;
INSERT INTO procedimentos_cbhpm (codigo, procedimento_id, descricao, porte) VALUES ('4.08.13.54-1', 78, 'Embolização de aneurisma cerebral por oclusão sacular - por vaso', '11B') ON CONFLICT DO NOTHING;
INSERT INTO procedimentos_cbhpm (codigo, procedimento_id, descricao, porte) VALUES ('4.08.13.19-3', 78, 'Colocação de stent em ramo intracraniano - por vaso *', '11A') ON CONFLICT DO NOTHING;
INSERT INTO procedimentos_cbhpm (codigo, procedimento_id, descricao, porte) VALUES ('4.08.13.06-1', 78, 'Angioplastia de ramo intracraniano **', '11A') ON CONFLICT DO NOTHING;
INSERT INTO procedimentos_cbhpm (codigo, procedimento_id, descricao, porte) VALUES ('4.08.12.05-7', 78, 'Angiografia por cateterismo super-seletivo de ramo secundário ou distal por', '5C') ON CONFLICT DO NOTHING;
INSERT INTO procedimentos_cbhpm (codigo, procedimento_id, descricao, porte) VALUES ('4.08.12.04-9', 78, 'Angiografia por cateterismo seletivo de ramo primário por vaso', '4C') ON CONFLICT DO NOTHING;
INSERT INTO procedimentos_cbhpm (codigo, procedimento_id, descricao, porte) VALUES ('3.09.11.09-5', 78, 'Cateterismo e estudo cineangiográfico da aorta e/ou seus ramos', '5A') ON CONFLICT DO NOTHING;
INSERT INTO procedimentos_cbhpm (codigo, procedimento_id, descricao, porte) VALUES ('4.08.12.06-5', 78, 'Angiografia trans-operatória de posicionamento', '2C') ON CONFLICT DO NOTHING;
INSERT INTO procedimentos_cbhpm (codigo, procedimento_id, descricao, porte) VALUES ('4.08.12.07-3', 78, 'Angiografia pos-operatória de controle', '2C') ON CONFLICT DO NOTHING;
INSERT INTO procedimentos_cbhpm (codigo, procedimento_id, descricao, porte) VALUES ('4.08.12.03-0', 78, 'Angiografia por cateterismo não seletivo de grande vaso', '5B') ON CONFLICT DO NOTHING;
INSERT INTO procedimentos_cbhpm (codigo, procedimento_id, descricao, porte) VALUES ('4.08.12.02-2', 78, 'Angiografia por punção', '3C') ON CONFLICT DO NOTHING;
INSERT INTO procedimentos_cbhpm (codigo, procedimento_id, descricao, porte) VALUES ('4.08.10.02-0', 78, 'Teste de oclusão de arteria carótida ou vertebral ***', '7B') ON CONFLICT DO NOTHING;
INSERT INTO procedimentos_cbhpm (codigo, procedimento_id, descricao, porte) VALUES ('3.09.12.21-0', 78, 'Retira percutânea de corpos estranhos vasculares****', '7C') ON CONFLICT DO NOTHING;
INSERT INTO procedimentos_cbhpm (codigo, procedimento_id, descricao, porte) VALUES ('4.08.11.02-6', 78, 'Radioscopia para acompanhamento de procedimento cirúrgico', '2B') ON CONFLICT DO NOTHING;
INSERT INTO procedimentos_cbhpm (codigo, procedimento_id, descricao, porte) VALUES ('3.01.01.23-9', 78, 'Curativo especial sob anestesia - por unidade topográfica (UT)', '2C') ON CONFLICT DO NOTHING;
INSERT INTO procedimentos (id, nome) VALUES (79, '8.5 – TRATAMENTO ENDOVASCULAR DE ANEURISMA CEREBRAL ROTO') ON CONFLICT DO NOTHING;
INSERT INTO procedimentos_cbhpm (codigo, procedimento_id, descricao, porte) VALUES ('4.08.13.54-1', 79, 'Embolização de aneurisma cerebral por oclusão sacular - por vaso', '11B') ON CONFLICT DO NOTHING;
INSERT INTO procedimentos_cbhpm (codigo, procedimento_id, descricao, porte) VALUES ('3.09.10.02-1', 79, 'Aneurismas rotos ou trombosados – outros', '10B') ON CONFLICT DO NOTHING;
INSERT INTO procedimentos_cbhpm (codigo, procedimento_id, descricao, porte) VALUES ('4.08.13.06-1', 79, 'Angioplastia de ramo intracraniano *', '11A') ON CONFLICT DO NOTHING;
INSERT INTO procedimentos_cbhpm (codigo, procedimento_id, descricao, porte) VALUES ('4.08.12.05-7', 79, 'Angiografia por cateterismo super-seletivo de ramo secundário ou distal por', '5C') ON CONFLICT DO NOTHING;
INSERT INTO procedimentos_cbhpm (codigo, procedimento_id, descricao, porte) VALUES ('4.08.12.04-9', 79, 'Angiografia por cateterismo seletivo de ramo primário por vaso', '4C') ON CONFLICT DO NOTHING;
INSERT INTO procedimentos_cbhpm (codigo, procedimento_id, descricao, porte) VALUES ('3.09.11.09-5', 79, 'Cateterismo e estudo cineangiográfico da aorta e/ou seus ramos', '5A') ON CONFLICT DO NOTHING;
INSERT INTO procedimentos_cbhpm (codigo, procedimento_id, descricao, porte) VALUES ('4.08.12.03-0', 79, 'Angiografia por cateterismo não seletivo de grande vaso', '5B') ON CONFLICT DO NOTHING;
INSERT INTO procedimentos_cbhpm (codigo, procedimento_id, descricao, porte) VALUES ('4.08.12.06-5', 79, 'Angiografia trans-operatória de posicionamento', '2C') ON CONFLICT DO NOTHING;
INSERT INTO procedimentos_cbhpm (codigo, procedimento_id, descricao, porte) VALUES ('4.08.12.07-3', 79, 'Angiografia pos-operatória de controle', '2C') ON CONFLICT DO NOTHING;
INSERT INTO procedimentos_cbhpm (codigo, procedimento_id, descricao, porte) VALUES ('4.08.12.02-2', 79, 'Angiografia por punção', '3C') ON CONFLICT DO NOTHING;
INSERT INTO procedimentos_cbhpm (codigo, procedimento_id, descricao, porte) VALUES ('4.08.10.02-0', 79, 'Teste de oclusão de arteria carótida ou vertebral **', '7B') ON CONFLICT DO NOTHING;
INSERT INTO procedimentos_cbhpm (codigo, procedimento_id, descricao, porte) VALUES ('3.09.12.21-0', 79, 'Retira percutânea de corpos estranhos vasculares***', '7C') ON CONFLICT DO NOTHING;
INSERT INTO procedimentos_cbhpm (codigo, procedimento_id, descricao, porte) VALUES ('4.08.11.02-6', 79, 'Radioscopia para acompanhamento de procedimento cirúrgico', '2B') ON CONFLICT DO NOTHING;
INSERT INTO procedimentos_cbhpm (codigo, procedimento_id, descricao, porte) VALUES ('3.01.01.23-9', 79, 'Curativo especial sob anestesia - por unidade topográfica (UT)', '2C') ON CONFLICT DO NOTHING;
INSERT INTO procedimentos (id, nome) VALUES (80, '8.6 – TRATAMENTO ENDOVASCULAR DE MALFORMAÇÃO ARTERIOVENOSA') ON CONFLICT DO NOTHING;
INSERT INTO procedimentos_cbhpm (codigo, procedimento_id, descricao, porte) VALUES ('3.09.11.09-5', 80, 'Cateterismo e estudo cineangiográfico da aorta e/ou seus ramos', '5A') ON CONFLICT DO NOTHING;
INSERT INTO procedimentos_cbhpm (codigo, procedimento_id, descricao, porte) VALUES ('4.08.13.56-8', 80, 'Embolização de malformação arteriovenosa cerebral ou medular - por', '10B') ON CONFLICT DO NOTHING;
INSERT INTO procedimentos_cbhpm (codigo, procedimento_id, descricao, porte) VALUES ('4.08.13.57-6', 80, 'Embolização de fístula AV em cabeça, pescoço ou coluna -por vaso', '10A') ON CONFLICT DO NOTHING;
INSERT INTO procedimentos_cbhpm (codigo, procedimento_id, descricao, porte) VALUES ('4.08.13.54-1', 80, 'Embolização de aneurisma cerebral por oclusão sacular - por vaso', '11B') ON CONFLICT DO NOTHING;
INSERT INTO procedimentos_cbhpm (codigo, procedimento_id, descricao, porte) VALUES ('4.08.12.05-7', 80, 'Angiografia por cateterismo super-seletivo de ramo secundário ou distal', '5C') ON CONFLICT DO NOTHING;
INSERT INTO procedimentos_cbhpm (codigo, procedimento_id, descricao, porte) VALUES ('4.08.12.04-9', 80, 'Angiografia por cateterismo seletivo de ramo primário por vaso', '4C') ON CONFLICT DO NOTHING;
INSERT INTO procedimentos_cbhpm (codigo, procedimento_id, descricao, porte) VALUES ('4.08.12.03-0', 80, 'Angiografia por cateterismo não seletivo de grande vaso', '5B') ON CONFLICT DO NOTHING;
INSERT INTO procedimentos_cbhpm (codigo, procedimento_id, descricao, porte) VALUES ('4.08.13.06-1', 80, 'Angioplastia de ramo intracraniano *', '11A') ON CONFLICT DO NOTHING;
INSERT INTO procedimentos_cbhpm (codigo, procedimento_id, descricao, porte) VALUES ('4.08.12.06-5', 80, 'Angiografia trans-operatória de posicionamento', '2C') ON CONFLICT DO NOTHING;
INSERT INTO procedimentos_cbhpm (codigo, procedimento_id, descricao, porte) VALUES ('4.08.12.07-3', 80, 'Angiografia pos-operatória de controle', '2C') ON CONFLICT DO NOTHING;
INSERT INTO procedimentos_cbhpm (codigo, procedimento_id, descricao, porte) VALUES ('4.08.12.02-2', 80, 'Angiografia por punção', '3C') ON CONFLICT DO NOTHING;
INSERT INTO procedimentos_cbhpm (codigo, procedimento_id, descricao, porte) VALUES ('4.08.10.02-0', 80, 'Teste de oclusão de arteria carótida ou vertebral **', '7B') ON CONFLICT DO NOTHING;
INSERT INTO procedimentos_cbhpm (codigo, procedimento_id, descricao, porte) VALUES ('3.09.12.21-0', 80, 'Retira percutânea de corpos estranhos vasculares***', '7C') ON CONFLICT DO NOTHING;
INSERT INTO procedimentos_cbhpm (codigo, procedimento_id, descricao, porte) VALUES ('4.08.11.02-6', 80, 'Radioscopia para acompanhamento de procedimento cirúrgico', '2B') ON CONFLICT DO NOTHING;
INSERT INTO procedimentos_cbhpm (codigo, procedimento_id, descricao, porte) VALUES ('3.01.01.23-9', 80, 'Curativo especial sob anestesia - por unidade topográfica (UT)', '2C') ON CONFLICT DO NOTHING;
INSERT INTO procedimentos (id, nome) VALUES (81, '8.7 – TRATAMENTO ENDOVASCULAR DE FÍSTULA ARTERIOVENOSA (FAV)') ON CONFLICT DO NOTHING;
INSERT INTO procedimentos_cbhpm (codigo, procedimento_id, descricao, porte) VALUES ('3.09.11.09-5', 81, 'Cateterismo e estudo cineangiográfico da aorta e/ou seus ramos', '5A') ON CONFLICT DO NOTHING;
INSERT INTO procedimentos_cbhpm (codigo, procedimento_id, descricao, porte) VALUES ('4.08.13.57-6', 81, 'Embolização de fístula AV em cabeça, pescoço ou coluna -p/ vaso', '10A') ON CONFLICT DO NOTHING;
INSERT INTO procedimentos_cbhpm (codigo, procedimento_id, descricao, porte) VALUES ('4.08.12.05-7', 81, 'Angiografia por cateterismo super-seletivo de ramo secundário ou distal', '5C') ON CONFLICT DO NOTHING;
INSERT INTO procedimentos_cbhpm (codigo, procedimento_id, descricao, porte) VALUES ('4.08.12.04-9', 81, 'Angiografia por cateterismo seletivo de ramo primário por vaso', '4C') ON CONFLICT DO NOTHING;
INSERT INTO procedimentos_cbhpm (codigo, procedimento_id, descricao, porte) VALUES ('4.08.13.28-2', 81, 'Colocação de stent para tratamento de fístula arterio-venosa', '10A') ON CONFLICT DO NOTHING;
INSERT INTO procedimentos_cbhpm (codigo, procedimento_id, descricao, porte) VALUES ('4.08.12.03-0', 81, 'Angiografia por cateterismo não seletivo de grande vaso', '5B') ON CONFLICT DO NOTHING;
INSERT INTO procedimentos_cbhpm (codigo, procedimento_id, descricao, porte) VALUES ('4.08.12.06-5', 81, 'Angiografia trans-operatória de posicionamento', '2C') ON CONFLICT DO NOTHING;
INSERT INTO procedimentos_cbhpm (codigo, procedimento_id, descricao, porte) VALUES ('4.08.12.07-3', 81, 'Angiografia pos-operatória de controle', '2C') ON CONFLICT DO NOTHING;
INSERT INTO procedimentos_cbhpm (codigo, procedimento_id, descricao, porte) VALUES ('4.08.13.15-0', 81, 'Angioplastia de tronco venoso*', '8C') ON CONFLICT DO NOTHING;
INSERT INTO procedimentos_cbhpm (codigo, procedimento_id, descricao, porte) VALUES ('4.08.10.02-0', 81, 'Teste de oclusão de arteria carótida ou vertebral **', '7B') ON CONFLICT DO NOTHING;
INSERT INTO procedimentos_cbhpm (codigo, procedimento_id, descricao, porte) VALUES ('4.08.12.02-2', 81, 'Angiografia por punção', '3C') ON CONFLICT DO NOTHING;
INSERT INTO procedimentos_cbhpm (codigo, procedimento_id, descricao, porte) VALUES ('3.09.12.21-0', 81, 'Retira percutânea de corpos estranhos vasculares***', '7C') ON CONFLICT DO NOTHING;
INSERT INTO procedimentos_cbhpm (codigo, procedimento_id, descricao, porte) VALUES ('4.08.11.02-6', 81, 'Radioscopia para acompanhamento de procedimento cirúrgico', '2B') ON CONFLICT DO NOTHING;
INSERT INTO procedimentos_cbhpm (codigo, procedimento_id, descricao, porte) VALUES ('3.01.01.23-9', 81, 'Curativo especial sob anestesia - por unidade topográfica (UT)', '2C') ON CONFLICT DO NOTHING;
INSERT INTO procedimentos (id, nome) VALUES (82, '8.8 – ESTENOSE VASCULAR INTRACRANIANA') ON CONFLICT DO NOTHING;
INSERT INTO procedimentos_cbhpm (codigo, procedimento_id, descricao, porte) VALUES ('4.08.13.19-3', 82, 'Colocação de stent em ramo intracraniano - por vaso', '11A') ON CONFLICT DO NOTHING;
INSERT INTO procedimentos_cbhpm (codigo, procedimento_id, descricao, porte) VALUES ('4.08.13.06-1', 82, 'Angioplastia de ramo intracraniano', '11A') ON CONFLICT DO NOTHING;
INSERT INTO procedimentos_cbhpm (codigo, procedimento_id, descricao, porte) VALUES ('4.08.12.05-7', 82, 'Angiografia por cateterismo super-seletivo de ramo secundário ou distal', '5C') ON CONFLICT DO NOTHING;
INSERT INTO procedimentos_cbhpm (codigo, procedimento_id, descricao, porte) VALUES ('4.08.12.04-9', 82, 'Angiografia por cateterismo seletivo de ramo primário por vaso', '4C') ON CONFLICT DO NOTHING;
INSERT INTO procedimentos_cbhpm (codigo, procedimento_id, descricao, porte) VALUES ('3.09.11.09-5', 82, 'Cateterismo e estudo cineangiográfico da aorta e/ou seus ramos', '5A') ON CONFLICT DO NOTHING;
INSERT INTO procedimentos_cbhpm (codigo, procedimento_id, descricao, porte) VALUES ('4.08.12.03-0', 82, 'Angiografia por cateterismo não seletivo de grande vaso', '5B') ON CONFLICT DO NOTHING;
INSERT INTO procedimentos_cbhpm (codigo, procedimento_id, descricao, porte) VALUES ('4.08.12.06-5', 82, 'Angiografia trans-operatória de posicionamento', '2C') ON CONFLICT DO NOTHING;
INSERT INTO procedimentos_cbhpm (codigo, procedimento_id, descricao, porte) VALUES ('4.08.12.07-3', 82, 'Angiografia pos-operatória de controle', '2C') ON CONFLICT DO NOTHING;
INSERT INTO procedimentos_cbhpm (codigo, procedimento_id, descricao, porte) VALUES ('4.08.12.02-2', 82, 'Angiografia por punção', '3C') ON CONFLICT DO NOTHING;
INSERT INTO procedimentos_cbhpm (codigo, procedimento_id, descricao, porte) VALUES ('4.08.10.02-0', 82, 'Teste de oclusão de arteria carótida ou vertebral*', '7B') ON CONFLICT DO NOTHING;
INSERT INTO procedimentos_cbhpm (codigo, procedimento_id, descricao, porte) VALUES ('3.09.12.21-0', 82, 'Retira percutânea de corpos estranhos vasculares**', '7C') ON CONFLICT DO NOTHING;
INSERT INTO procedimentos_cbhpm (codigo, procedimento_id, descricao, porte) VALUES ('4.08.11.02-6', 82, 'Radioscopia para acompanhamento de procedimento cirúrgico', '2B') ON CONFLICT DO NOTHING;
INSERT INTO procedimentos_cbhpm (codigo, procedimento_id, descricao, porte) VALUES ('3.01.01.23-9', 82, 'Curativo especial sob anestesia - por unidade topográfica (UT)', '2C') ON CONFLICT DO NOTHING;
INSERT INTO procedimentos (id, nome) VALUES (83, '8.9 – ANGIOPLASTIA DO VASOESPASMO INTRACRANIANO') ON CONFLICT DO NOTHING;
INSERT INTO procedimentos_cbhpm (codigo, procedimento_id, descricao, porte) VALUES ('4.08.13.06-1', 83, 'Angioplastia de ramo intracraniano', '11A') ON CONFLICT DO NOTHING;
INSERT INTO procedimentos_cbhpm (codigo, procedimento_id, descricao, porte) VALUES ('3.09.11.09-5', 83, 'Cateterismo e estudo cineangiográfico da aorta e/ou seus ramos', '5A') ON CONFLICT DO NOTHING;
INSERT INTO procedimentos_cbhpm (codigo, procedimento_id, descricao, porte) VALUES ('4.08.12.03-0', 83, 'Angiografia por cateterismo não seletivo de grande vaso', '5B') ON CONFLICT DO NOTHING;
INSERT INTO procedimentos_cbhpm (codigo, procedimento_id, descricao, porte) VALUES ('4.08.12.05-7', 83, 'Angiografia por cateterismo super-seletivo de ramo secundário ou distal', '5C') ON CONFLICT DO NOTHING;
INSERT INTO procedimentos_cbhpm (codigo, procedimento_id, descricao, porte) VALUES ('4.08.12.04-9', 83, 'Angiografia por cateterismo seletivo de ramo primário por vaso', '4C') ON CONFLICT DO NOTHING;
INSERT INTO procedimentos_cbhpm (codigo, procedimento_id, descricao, porte) VALUES ('4.08.12.06-5', 83, 'Angiografia trans-operatória de posicionamento', '2C') ON CONFLICT DO NOTHING;
INSERT INTO procedimentos_cbhpm (codigo, procedimento_id, descricao, porte) VALUES ('4.08.12.07-3', 83, 'Angiografia pos-operatória de controle', '2C') ON CONFLICT DO NOTHING;
INSERT INTO procedimentos_cbhpm (codigo, procedimento_id, descricao, porte) VALUES ('4.08.12.02-2', 83, 'Angiografia por punção', '3C') ON CONFLICT DO NOTHING;
INSERT INTO procedimentos_cbhpm (codigo, procedimento_id, descricao, porte) VALUES ('3.09.12.21-0', 83, 'Retira percutânea de corpos estranhos vasculares*', '7C') ON CONFLICT DO NOTHING;
INSERT INTO procedimentos_cbhpm (codigo, procedimento_id, descricao, porte) VALUES ('4.08.11.02-6', 83, 'Radioscopia para acompanhamento de procedimento cirúrgico', '2B') ON CONFLICT DO NOTHING;
INSERT INTO procedimentos_cbhpm (codigo, procedimento_id, descricao, porte) VALUES ('3.01.01.23-9', 83, 'Curativo especial sob anestesia - por unidade topográfica (UT)', '2C') ON CONFLICT DO NOTHING;
INSERT INTO procedimentos (id, nome) VALUES (84, '8.10 – EMBOLIZAÇÃO DE TUMOR DE CABEÇA E PESCOÇO') ON CONFLICT DO NOTHING;
INSERT INTO procedimentos_cbhpm (codigo, procedimento_id, descricao, porte) VALUES ('4.08.13.78-9', 84, 'Embolização de tumor de cabeça e pescoço', '8C') ON CONFLICT DO NOTHING;
INSERT INTO procedimentos_cbhpm (codigo, procedimento_id, descricao, porte) VALUES ('3.09.11.09-5', 84, 'Cateterismo e estudo cineangiográfico da aorta e/ou seus ramos', '5A') ON CONFLICT DO NOTHING;
INSERT INTO procedimentos_cbhpm (codigo, procedimento_id, descricao, porte) VALUES ('4.08.12.05-7', 84, 'Angiografia por cateterismo super-seletivo de ramo secundário ou distal', '5C') ON CONFLICT DO NOTHING;
INSERT INTO procedimentos_cbhpm (codigo, procedimento_id, descricao, porte) VALUES ('4.08.12.04-9', 84, 'Angiografia por cateterismo seletivo de ramo primário por vaso', '4C') ON CONFLICT DO NOTHING;
INSERT INTO procedimentos_cbhpm (codigo, procedimento_id, descricao, porte) VALUES ('4.08.12.03-0', 84, 'Angiografia por cateterismo não seletivo de grande vaso', '5B') ON CONFLICT DO NOTHING;
INSERT INTO procedimentos_cbhpm (codigo, procedimento_id, descricao, porte) VALUES ('4.08.12.02-2', 84, 'Angiografia por punção', '3C') ON CONFLICT DO NOTHING;
INSERT INTO procedimentos_cbhpm (codigo, procedimento_id, descricao, porte) VALUES ('4.08.12.06-5', 84, 'Angiografia trans-operatória de posicionamento', '2C') ON CONFLICT DO NOTHING;
INSERT INTO procedimentos_cbhpm (codigo, procedimento_id, descricao, porte) VALUES ('4.08.12.07-3', 84, 'Angiografia pos-operatória de controle', '2C') ON CONFLICT DO NOTHING;
INSERT INTO procedimentos_cbhpm (codigo, procedimento_id, descricao, porte) VALUES ('4.08.10.02-0', 84, 'Teste de oclusão de arteria carótida ou vertebral', '7B') ON CONFLICT DO NOTHING;
INSERT INTO procedimentos_cbhpm (codigo, procedimento_id, descricao, porte) VALUES ('3.09.12.21-0', 84, 'Retira percutânea de corpos estranhos vasculares*', '7C') ON CONFLICT DO NOTHING;
INSERT INTO procedimentos_cbhpm (codigo, procedimento_id, descricao, porte) VALUES ('4.08.11.02-6', 84, 'Radioscopia para acompanhamento de procedimento cirúrgico', '2B') ON CONFLICT DO NOTHING;
INSERT INTO procedimentos_cbhpm (codigo, procedimento_id, descricao, porte) VALUES ('3.01.01.23-9', 84, 'Curativo especial sob anestesia - por unidade topográfica (UT)', '2C') ON CONFLICT DO NOTHING;
INSERT INTO procedimentos (id, nome) VALUES (85, '8.11 – ANGIOMA DE FACE – TRATAMENTO ENDOVASCULAR') ON CONFLICT DO NOTHING;
INSERT INTO procedimentos_cbhpm (codigo, procedimento_id, descricao, porte) VALUES ('4.08.13.71-1', 85, 'Embolização de fístula arterio-venosa não especificada', '8C') ON CONFLICT DO NOTHING;
INSERT INTO procedimentos_cbhpm (codigo, procedimento_id, descricao, porte) VALUES ('3.09.11.09-5', 85, 'Cateterismo e estudo cineangiográfico da aorta e/ou seus ramos', '5A') ON CONFLICT DO NOTHING;
INSERT INTO procedimentos_cbhpm (codigo, procedimento_id, descricao, porte) VALUES ('4.08.12.05-7', 85, 'Angiografia por cateterismo super-seletivo de ramo secundário ou distal', '5C') ON CONFLICT DO NOTHING;
INSERT INTO procedimentos_cbhpm (codigo, procedimento_id, descricao, porte) VALUES ('4.08.13.05-3', 85, 'Alcoolização percutânea de angioma', '7B') ON CONFLICT DO NOTHING;
INSERT INTO procedimentos_cbhpm (codigo, procedimento_id, descricao, porte) VALUES ('4.08.12.04-9', 85, 'Angiografia por cateterismo seletivo de ramo primário por vaso', '4C') ON CONFLICT DO NOTHING;
INSERT INTO procedimentos_cbhpm (codigo, procedimento_id, descricao, porte) VALUES ('4.08.12.03-0', 85, 'Angiografia por cateterismo não seletivo de grande vaso', '5B') ON CONFLICT DO NOTHING;
INSERT INTO procedimentos_cbhpm (codigo, procedimento_id, descricao, porte) VALUES ('4.08.12.02-2', 85, 'Angiografia por punção', '3C') ON CONFLICT DO NOTHING;
INSERT INTO procedimentos_cbhpm (codigo, procedimento_id, descricao, porte) VALUES ('4.08.12.06-5', 85, 'Angiografia trans-operatória de posicionamento', '2C') ON CONFLICT DO NOTHING;
INSERT INTO procedimentos_cbhpm (codigo, procedimento_id, descricao, porte) VALUES ('4.08.12.07-3', 85, 'Angiografia pos-operatória de controle', '2C') ON CONFLICT DO NOTHING;
INSERT INTO procedimentos_cbhpm (codigo, procedimento_id, descricao, porte) VALUES ('4.08.10.02-0', 85, 'Teste de oclusão de arteria carótida ou vertebral', '7B') ON CONFLICT DO NOTHING;
INSERT INTO procedimentos_cbhpm (codigo, procedimento_id, descricao, porte) VALUES ('3.09.12.21-0', 85, 'Retira percutânea de corpos estranhos vasculares*', '7C') ON CONFLICT DO NOTHING;
INSERT INTO procedimentos_cbhpm (codigo, procedimento_id, descricao, porte) VALUES ('4.08.11.02-6', 85, 'Radioscopia para acompanhamento de procedimento cirúrgico', '2B') ON CONFLICT DO NOTHING;
INSERT INTO procedimentos_cbhpm (codigo, procedimento_id, descricao, porte) VALUES ('3.01.01.23-9', 85, 'Curativo especial sob anestesia - por unidade topográfica (UT)', '2C') ON CONFLICT DO NOTHING;
INSERT INTO procedimentos (id, nome) VALUES (86, '8.12 – EMBOLIZAÇÃO DE CISTO ÓSSEO ANEURISMÁTICO') ON CONFLICT DO NOTHING;
INSERT INTO procedimentos_cbhpm (codigo, procedimento_id, descricao, porte) VALUES ('4.08.13.80-0', 86, 'Embolização de tumor ósseo ou de partes moles', '8C') ON CONFLICT DO NOTHING;
INSERT INTO procedimentos_cbhpm (codigo, procedimento_id, descricao, porte) VALUES ('4.08.13.81-9', 86, 'Embolização de tumor não especificado', '8A') ON CONFLICT DO NOTHING;
INSERT INTO procedimentos_cbhpm (codigo, procedimento_id, descricao, porte) VALUES ('3.09.11.09-5', 86, 'Cateterismo e estudo cineangiográfico da aorta e/ou seus ramos', '5A') ON CONFLICT DO NOTHING;
INSERT INTO procedimentos_cbhpm (codigo, procedimento_id, descricao, porte) VALUES ('4.08.12.05-7', 86, 'Angiografia por cateterismo super-seletivo de ramo secundário ou distal por', '5C') ON CONFLICT DO NOTHING;
INSERT INTO procedimentos_cbhpm (codigo, procedimento_id, descricao, porte) VALUES ('4.08.12.04-9', 86, 'Angiografia por cateterismo seletivo de ramo primário por vaso', '4C') ON CONFLICT DO NOTHING;
INSERT INTO procedimentos_cbhpm (codigo, procedimento_id, descricao, porte) VALUES ('4.08.12.03-0', 86, 'Angiografia por cateterismo não seletivo de grande vaso', '5B') ON CONFLICT DO NOTHING;
INSERT INTO procedimentos_cbhpm (codigo, procedimento_id, descricao, porte) VALUES ('4.08.12.06-5', 86, 'Angiografia trans-operatória de posicionamento', '2C') ON CONFLICT DO NOTHING;
INSERT INTO procedimentos_cbhpm (codigo, procedimento_id, descricao, porte) VALUES ('4.08.12.07-3', 86, 'Angiografia pos-operatória de controle', '2C') ON CONFLICT DO NOTHING;
INSERT INTO procedimentos_cbhpm (codigo, procedimento_id, descricao, porte) VALUES ('4.08.12.02-2', 86, 'Angiografia por punção', '3C') ON CONFLICT DO NOTHING;
INSERT INTO procedimentos_cbhpm (codigo, procedimento_id, descricao, porte) VALUES ('3.09.12.21-0', 86, 'Retira percutânea de corpos estranhos vasculares*', '7C') ON CONFLICT DO NOTHING;
INSERT INTO procedimentos_cbhpm (codigo, procedimento_id, descricao, porte) VALUES ('4.08.11.02-6', 86, 'Radioscopia para acompanhamento de procedimento cirúrgico', '2B') ON CONFLICT DO NOTHING;
INSERT INTO procedimentos_cbhpm (codigo, procedimento_id, descricao, porte) VALUES ('3.01.01.23-9', 86, 'Curativo especial sob anestesia - por unidade topográfica (UT)', '2C') ON CONFLICT DO NOTHING;
INSERT INTO procedimentos (id, nome) VALUES (87, '8.13 – ESTENOSE DE CARÓTIDA CERVICAL') ON CONFLICT DO NOTHING;
INSERT INTO procedimentos_cbhpm (codigo, procedimento_id, descricao, porte) VALUES ('4.08.13.07-0', 87, 'Angioplastia de tronco supra-aortico', '10A') ON CONFLICT DO NOTHING;
INSERT INTO procedimentos_cbhpm (codigo, procedimento_id, descricao, porte) VALUES ('4.08.12.05-7', 87, 'Angiografia por cateterismo super-seletivo de ramo secundário ou distal', '5C') ON CONFLICT DO NOTHING;
INSERT INTO procedimentos_cbhpm (codigo, procedimento_id, descricao, porte) VALUES ('4.08.13.20-7', 87, 'Colocação de stent em tronco supra-aortico', '10A') ON CONFLICT DO NOTHING;
INSERT INTO procedimentos_cbhpm (codigo, procedimento_id, descricao, porte) VALUES ('3.09.11.09-5', 87, 'Cateterismo e estudo cineangiográfico da aorta e/ou seus ramos', '5A') ON CONFLICT DO NOTHING;
INSERT INTO procedimentos_cbhpm (codigo, procedimento_id, descricao, porte) VALUES ('4.08.12.04-9', 87, 'Angiografia por cateterismo seletivo de ramo primário por vaso', '4C') ON CONFLICT DO NOTHING;
INSERT INTO procedimentos_cbhpm (codigo, procedimento_id, descricao, porte) VALUES ('4.08.12.03-0', 87, 'Angiografia por cateterismo não seletivo de grande vaso', '5B') ON CONFLICT DO NOTHING;
INSERT INTO procedimentos_cbhpm (codigo, procedimento_id, descricao, porte) VALUES ('4.08.12.06-5', 87, 'Angiografia trans-operatória de posicionamento', '2C') ON CONFLICT DO NOTHING;
INSERT INTO procedimentos_cbhpm (codigo, procedimento_id, descricao, porte) VALUES ('4.08.12.07-3', 87, 'Angiografia pos-operatória de controle', '2C') ON CONFLICT DO NOTHING;
INSERT INTO procedimentos_cbhpm (codigo, procedimento_id, descricao, porte) VALUES ('4.08.12.02-2', 87, 'Angiografia por punção', '3C') ON CONFLICT DO NOTHING;
INSERT INTO procedimentos_cbhpm (codigo, procedimento_id, descricao, porte) VALUES ('3.09.12.21-0', 87, 'Retira percutânea de corpos estranhos vasculares*', '7C') ON CONFLICT DO NOTHING;
INSERT INTO procedimentos_cbhpm (codigo, procedimento_id, descricao, porte) VALUES ('4.08.11.02-6', 87, 'Radioscopia para acompanhamento de procedimento cirúrgico', '2B') ON CONFLICT DO NOTHING;
INSERT INTO procedimentos_cbhpm (codigo, procedimento_id, descricao, porte) VALUES ('3.01.01.23-9', 87, 'Curativo especial sob anestesia - por unidade topográfica (UT)', '2C') ON CONFLICT DO NOTHING;
INSERT INTO procedimentos (id, nome) VALUES (88, '8.14 – TROMBECTOMIA MECÂNICA') ON CONFLICT DO NOTHING;
INSERT INTO procedimentos_cbhpm (codigo, procedimento_id, descricao, porte) VALUES ('4.08.13.19-3', 88, 'Colocação de stent em ramo intracraniano - por vaso', '11A') ON CONFLICT DO NOTHING;
INSERT INTO procedimentos_cbhpm (codigo, procedimento_id, descricao, porte) VALUES ('3.09.11.09-5', 88, 'Cateterismo e estudo cineangiográfico da aorta e/ou seus ramos', '5A') ON CONFLICT DO NOTHING;
INSERT INTO procedimentos_cbhpm (codigo, procedimento_id, descricao, porte) VALUES ('4.08.12.05-7', 88, 'Angiografia por cateterismo super-seletivo de ramo secundário ou distal', '5C') ON CONFLICT DO NOTHING;
INSERT INTO procedimentos_cbhpm (codigo, procedimento_id, descricao, porte) VALUES ('4.08.13.07-0', 88, 'Angioplastia de tronco supra-aortico', '10A') ON CONFLICT DO NOTHING;
INSERT INTO procedimentos_cbhpm (codigo, procedimento_id, descricao, porte) VALUES ('4.08.13.06-1', 88, 'Angioplastia de ramo intracraniano', '11A') ON CONFLICT DO NOTHING;
INSERT INTO procedimentos_cbhpm (codigo, procedimento_id, descricao, porte) VALUES ('4.08.13.20-7', 88, 'Colocação de stent em tronco supra-aortico*', '10A') ON CONFLICT DO NOTHING;
INSERT INTO procedimentos_cbhpm (codigo, procedimento_id, descricao, porte) VALUES ('3.09.10.08-0', 88, 'Embolectomia ou trombolectomia arterial', '9C') ON CONFLICT DO NOTHING;
INSERT INTO procedimentos_cbhpm (codigo, procedimento_id, descricao, porte) VALUES ('4.08.14.04-1', 88, 'Trombólise medicamentosa em troncos supra-aortico e intracranianos', '10A') ON CONFLICT DO NOTHING;
INSERT INTO procedimentos_cbhpm (codigo, procedimento_id, descricao, porte) VALUES ('4.08.12.04-9', 88, 'Angiografia por cateterismo seletivo de ramo primário por vaso', '4C') ON CONFLICT DO NOTHING;
INSERT INTO procedimentos_cbhpm (codigo, procedimento_id, descricao, porte) VALUES ('4.08.12.03-0', 88, 'Angiografia por cateterismo não seletivo de grande vaso', '5B') ON CONFLICT DO NOTHING;
INSERT INTO procedimentos_cbhpm (codigo, procedimento_id, descricao, porte) VALUES ('4.08.12.06-5', 88, 'Angiografia trans-operatória de posicionamento', '2C') ON CONFLICT DO NOTHING;
INSERT INTO procedimentos_cbhpm (codigo, procedimento_id, descricao, porte) VALUES ('4.08.12.07-3', 88, 'Angiografia pos-operatória de controle', '2C') ON CONFLICT DO NOTHING;
INSERT INTO procedimentos_cbhpm (codigo, procedimento_id, descricao, porte) VALUES ('4.08.12.02-2', 88, 'Angiografia por punção', '3C') ON CONFLICT DO NOTHING;
INSERT INTO procedimentos_cbhpm (codigo, procedimento_id, descricao, porte) VALUES ('3.09.12.21-0', 88, 'Retira percutânea de corpos estranhos vasculares**', '7C') ON CONFLICT DO NOTHING;
INSERT INTO procedimentos_cbhpm (codigo, procedimento_id, descricao, porte) VALUES ('4.08.11.02-6', 88, 'Radioscopia para acompanhamento de procedimento cirúrgico', '2B') ON CONFLICT DO NOTHING;
INSERT INTO procedimentos_cbhpm (codigo, procedimento_id, descricao, porte) VALUES ('3.01.01.23-9', 88, 'Curativo especial sob anestesia - por unidade topográfica (UT)', '2C') ON CONFLICT DO NOTHING;
INSERT INTO procedimentos (id, nome) VALUES (89, '9.1 –BIÓPSIA POR ESTEREOTAXIA') ON CONFLICT DO NOTHING;
INSERT INTO procedimentos_cbhpm (codigo, procedimento_id, descricao, porte) VALUES ('3.14.01.35-0', 89, 'Implante de halo para radiocirurgia', '10A') ON CONFLICT DO NOTHING;
INSERT INTO procedimentos_cbhpm (codigo, procedimento_id, descricao, porte) VALUES ('3.14.01.13-9', 89, 'Localização estereotaxica de lesões intracranianas com remoção', '10A') ON CONFLICT DO NOTHING;
INSERT INTO procedimentos_cbhpm (codigo, procedimento_id, descricao, porte) VALUES ('3.14.01.01-5', 89, 'Biópsia estereotaxica do encéfalo', '10A') ON CONFLICT DO NOTHING;
INSERT INTO procedimentos_cbhpm (codigo, procedimento_id, descricao, porte) VALUES ('1.01.05.07-7', 89, 'Acompanhamento médico para transporte intra-hospitalar', '2B') ON CONFLICT DO NOTHING;
INSERT INTO procedimentos (id, nome) VALUES (90, '9.2 – TUMORES COM LOCALIZAÇÃO POR ESTEREOTAXIA') ON CONFLICT DO NOTHING;
INSERT INTO procedimentos_cbhpm (codigo, procedimento_id, descricao, porte) VALUES ('3.14.01.35-0', 90, 'Implante de halo para radiocirurgia', '10A') ON CONFLICT DO NOTHING;
INSERT INTO procedimentos_cbhpm (codigo, procedimento_id, descricao, porte) VALUES ('3.14.01.13-9', 90, 'Localização estereotaxica de lesões intracranianas com remoção', '10A') ON CONFLICT DO NOTHING;
INSERT INTO procedimentos_cbhpm (codigo, procedimento_id, descricao, porte) VALUES ('3.14.01.15-5', 90, 'Microcirurgia para tumores intracranianos', '14A') ON CONFLICT DO NOTHING;
INSERT INTO procedimentos_cbhpm (codigo, procedimento_id, descricao, porte) VALUES ('3.14.01.26-0', 90, 'Tratamento cirúrgico da fístula liquórica', '10C') ON CONFLICT DO NOTHING;
INSERT INTO procedimentos_cbhpm (codigo, procedimento_id, descricao, porte) VALUES ('3.01.01.68-9', 90, 'Reconstrução com retalho da gálea aponeurótica', '8C') ON CONFLICT DO NOTHING;
INSERT INTO procedimentos_cbhpm (codigo, procedimento_id, descricao, porte) VALUES ('3.02.15.04-8', 90, 'Reconstrução craniana ou craniofacial', '11A') ON CONFLICT DO NOTHING;
INSERT INTO procedimentos_cbhpm (codigo, procedimento_id, descricao, porte) VALUES ('3.04.04.12-6', 90, 'Ressecção do osso temporal*', '11B') ON CONFLICT DO NOTHING;
INSERT INTO procedimentos_cbhpm (codigo, procedimento_id, descricao, porte) VALUES ('3.02.10.10-0', 90, 'Reconstrução com rotação do músculo temporal*', '9C') ON CONFLICT DO NOTHING;
INSERT INTO procedimentos (id, nome) VALUES (91, '9.3 –DRENAGEM POR ESTEREOTAXIA') ON CONFLICT DO NOTHING;
INSERT INTO procedimentos_cbhpm (codigo, procedimento_id, descricao, porte) VALUES ('3.14.01.35-0', 91, 'Implante de halo para radiocirurgia', '10A') ON CONFLICT DO NOTHING;
INSERT INTO procedimentos_cbhpm (codigo, procedimento_id, descricao, porte) VALUES ('3.14.01.13-9', 91, 'Localização estereotaxica de lesões intracranianas com remoção', '10A') ON CONFLICT DO NOTHING;
INSERT INTO procedimentos_cbhpm (codigo, procedimento_id, descricao, porte) VALUES ('3.14.01.06-6', 91, 'Drenagem estereotaxica – cistos, hematomas ou abcessos', '10A') ON CONFLICT DO NOTHING;
INSERT INTO procedimentos_cbhpm (codigo, procedimento_id, descricao, porte) VALUES ('1.01.05.07-7', 91, 'Acompanhamento médico para transporte intra-hospitalar', '2B') ON CONFLICT DO NOTHING;
INSERT INTO procedimentos (id, nome) VALUES (92, '9.4 – CIRURGIA DA EPILEPSIA I') ON CONFLICT DO NOTHING;
INSERT INTO procedimentos_cbhpm (codigo, procedimento_id, descricao, porte) VALUES ('3.04.04.12-6', 92, 'Ressecção do osso temporal', '11B') ON CONFLICT DO NOTHING;
INSERT INTO procedimentos_cbhpm (codigo, procedimento_id, descricao, porte) VALUES ('3.14.01.10-4', 92, 'Implante de eletrodos medular ou cerebral', '10A') ON CONFLICT DO NOTHING;
INSERT INTO procedimentos_cbhpm (codigo, procedimento_id, descricao, porte) VALUES ('3.01.01.68-9', 92, 'Reconstrução com retalho da gálea aponeurótica', '8C') ON CONFLICT DO NOTHING;
INSERT INTO procedimentos_cbhpm (codigo, procedimento_id, descricao, porte) VALUES ('3.02.15.04-8', 92, 'Reconstrução craniana ou craniofacial', '11A') ON CONFLICT DO NOTHING;
INSERT INTO procedimentos_cbhpm (codigo, procedimento_id, descricao, porte) VALUES ('3.02.10.10-0', 92, 'Reconstrução com rotação do músculo temporal', '9C') ON CONFLICT DO NOTHING;
INSERT INTO procedimentos_cbhpm (codigo, procedimento_id, descricao, porte) VALUES ('3.14.01.26-0', 92, 'Tratamento cirúrgico da fístula liquórica', '10C') ON CONFLICT DO NOTHING;
INSERT INTO procedimentos (id, nome) VALUES (93, '9.5 – CIRURGIA DA EPILEPSIA II') ON CONFLICT DO NOTHING;
INSERT INTO procedimentos_cbhpm (codigo, procedimento_id, descricao, porte) VALUES ('3.14.01.25-2', 93, 'Tratamento cirúrgico da epilepsia', '11C') ON CONFLICT DO NOTHING;
INSERT INTO procedimentos_cbhpm (codigo, procedimento_id, descricao, porte) VALUES ('4.01.03.27-7', 93, 'Eletrocorticografia intra-operatoria (ECOG) – por hora de monitorização*', '3A') ON CONFLICT DO NOTHING;
INSERT INTO procedimentos_cbhpm (codigo, procedimento_id, descricao, porte) VALUES ('3.14.01.26-0', 93, 'Tratamento cirúrgico da fístula liquórica', '10C') ON CONFLICT DO NOTHING;
INSERT INTO procedimentos_cbhpm (codigo, procedimento_id, descricao, porte) VALUES ('3.01.01.68-9', 93, 'Reconstrução com retalho da gálea aponeurótica', '8C') ON CONFLICT DO NOTHING;
INSERT INTO procedimentos_cbhpm (codigo, procedimento_id, descricao, porte) VALUES ('3.02.15.04-8', 93, 'Reconstrução craniana ou craniofacial', '11A') ON CONFLICT DO NOTHING;
INSERT INTO procedimentos (id, nome) VALUES (94, '9.6 – TRATAMENTO CIRÚRGICO DA EPILEPSIA (Estimulação Elétrica Vagal)') ON CONFLICT DO NOTHING;
INSERT INTO procedimentos_cbhpm (codigo, procedimento_id, descricao, porte) VALUES ('3.14.01.25-2', 94, 'Tratamento cirúrgico da epilepsia', '11C') ON CONFLICT DO NOTHING;
INSERT INTO procedimentos_cbhpm (codigo, procedimento_id, descricao, porte) VALUES ('3.14.03.14-0', 94, 'Implante de gerador para neuroestimulação', '8A') ON CONFLICT DO NOTHING;
INSERT INTO procedimentos_cbhpm (codigo, procedimento_id, descricao, porte) VALUES ('3.02.12.01-4', 94, 'Cervicotomia exploradora', '7C') ON CONFLICT DO NOTHING;
INSERT INTO procedimentos_cbhpm (codigo, procedimento_id, descricao, porte) VALUES ('4.01.03.43-9', 94, 'Impedanciometria', '2B') ON CONFLICT DO NOTHING;
INSERT INTO procedimentos_cbhpm (codigo, procedimento_id, descricao, porte) VALUES ('3.14.03.12-3', 94, 'Exploração cirúrgica de nervos (Neurólise externa)', '5B') ON CONFLICT DO NOTHING;
INSERT INTO procedimentos (id, nome) VALUES (95, '9.7 – TRATAMENTO CIRÚRGICO DA EPILEPSIA (Estimulação Cerebral Profunda)') ON CONFLICT DO NOTHING;
INSERT INTO procedimentos_cbhpm (codigo, procedimento_id, descricao, porte) VALUES ('3.14.01.25-2', 95, 'Tratamento cirúrgico da epilepsia', '11C') ON CONFLICT DO NOTHING;
INSERT INTO procedimentos_cbhpm (codigo, procedimento_id, descricao, porte) VALUES ('3.14.01.35-0', 95, 'Implante de halo para radiocirurgia', '10A') ON CONFLICT DO NOTHING;
INSERT INTO procedimentos_cbhpm (codigo, procedimento_id, descricao, porte) VALUES ('3.14.01.14-7', 95, 'Localização estereotaxica de lesões intracranianas com remoção*', '10A') ON CONFLICT DO NOTHING;
INSERT INTO procedimentos_cbhpm (codigo, procedimento_id, descricao, porte) VALUES ('3.14.01.09-0', 95, 'Implante de eletrodos cerebral profundo*†', '8A') ON CONFLICT DO NOTHING;
INSERT INTO procedimentos_cbhpm (codigo, procedimento_id, descricao, porte) VALUES ('3.14.01.10-4', 95, 'Implante de eletrodos medular ou cerebral*', '10A') ON CONFLICT DO NOTHING;
INSERT INTO procedimentos_cbhpm (codigo, procedimento_id, descricao, porte) VALUES ('3.14.03.14-0', 95, 'Implante de gerador para neuroestimulação', '8A') ON CONFLICT DO NOTHING;
INSERT INTO procedimentos_cbhpm (codigo, procedimento_id, descricao, porte) VALUES ('4.01.03.43-9', 95, 'Impedanciometria*', '2B') ON CONFLICT DO NOTHING;
INSERT INTO procedimentos_cbhpm (codigo, procedimento_id, descricao, porte) VALUES ('4.08.11.02-6', 95, 'Radioscopia para acompanhamento de procedimento cirúrgico', '2B') ON CONFLICT DO NOTHING;
INSERT INTO procedimentos_cbhpm (codigo, procedimento_id, descricao, porte) VALUES ('1.01.05.07-7', 95, 'Acompanhamento médico para transporte intra-hospitalar', '2C') ON CONFLICT DO NOTHING;
INSERT INTO procedimentos (id, nome) VALUES (96, '9.8 – CIRURGIA DOS TRANSTORNOS DE MOVIMENTO (Estimulação Cerebral') ON CONFLICT DO NOTHING;
INSERT INTO procedimentos_cbhpm (codigo, procedimento_id, descricao, porte) VALUES ('3.14.01.35-0', 96, 'Implante de halo para radiocirurgia', '10A') ON CONFLICT DO NOTHING;
INSERT INTO procedimentos_cbhpm (codigo, procedimento_id, descricao, porte) VALUES ('3.14.01.13-9', 96, 'Localização estereotaxica de lesões intracranianas com remoção *', '10A') ON CONFLICT DO NOTHING;
INSERT INTO procedimentos_cbhpm (codigo, procedimento_id, descricao, porte) VALUES ('3.14.01.10-4', 96, 'Implante de eletrodos medular ou cerebral*', '10A') ON CONFLICT DO NOTHING;
INSERT INTO procedimentos_cbhpm (codigo, procedimento_id, descricao, porte) VALUES ('3.14.01.09-0', 96, 'Implante de eletrodos cerebral profundo*', '8A') ON CONFLICT DO NOTHING;
INSERT INTO procedimentos_cbhpm (codigo, procedimento_id, descricao, porte) VALUES ('3.14.03.14-0', 96, 'Implante de gerador para neuroestimulação', '8A') ON CONFLICT DO NOTHING;
INSERT INTO procedimentos_cbhpm (codigo, procedimento_id, descricao, porte) VALUES ('4.01.03.43-9', 96, 'Impedanciometria', '2B') ON CONFLICT DO NOTHING;
INSERT INTO procedimentos_cbhpm (codigo, procedimento_id, descricao, porte) VALUES ('4.08.11.02-6', 96, 'Radioscopia para acompanhamento de procedimento cirúrgico', '2B') ON CONFLICT DO NOTHING;
INSERT INTO procedimentos_cbhpm (codigo, procedimento_id, descricao, porte) VALUES ('1.01.05.07-7', 96, 'Acompanhamento médico para transporte intra-hospitalar', '2C') ON CONFLICT DO NOTHING;
INSERT INTO procedimentos (id, nome) VALUES (97, '9.9 – CIRURGIA DOS TRANSTORNOS DE MOVIMENTO (Método Ablativo)') ON CONFLICT DO NOTHING;
INSERT INTO procedimentos_cbhpm (codigo, procedimento_id, descricao, porte) VALUES ('3.14.01.35-0', 97, 'Implante de halo para radiocirurgia', '10A') ON CONFLICT DO NOTHING;
INSERT INTO procedimentos_cbhpm (codigo, procedimento_id, descricao, porte) VALUES ('3.14.01.13-9', 97, 'Localização estereotaxica de lesões intracranianas com remoção *', '10A') ON CONFLICT DO NOTHING;
INSERT INTO procedimentos_cbhpm (codigo, procedimento_id, descricao, porte) VALUES ('3.14.03.16-6', 97, 'Lesão estereotáxica de estruturas profundas para tratamento da dor, ou', '10B') ON CONFLICT DO NOTHING;
INSERT INTO procedimentos_cbhpm (codigo, procedimento_id, descricao, porte) VALUES ('3.14.01.09-0', 97, 'Implante de eletrodos cerebral profundo*', '8A') ON CONFLICT DO NOTHING;
INSERT INTO procedimentos_cbhpm (codigo, procedimento_id, descricao, porte) VALUES ('4.01.03.43-9', 97, 'Impedanciometria*', '2B') ON CONFLICT DO NOTHING;
INSERT INTO procedimentos_cbhpm (codigo, procedimento_id, descricao, porte) VALUES ('4.08.11.02-6', 97, 'Radioscopia para acompanhamento de procedimento cirúrgico', '2B') ON CONFLICT DO NOTHING;
INSERT INTO procedimentos_cbhpm (codigo, procedimento_id, descricao, porte) VALUES ('1.01.05.07-7', 97, 'Acompanhamento médico para transporte intra-hospitalar', '2C') ON CONFLICT DO NOTHING;
INSERT INTO procedimentos (id, nome) VALUES (98, '9.10 – TRATAMENTO CIRÚRGICO DOS TRANSTORNOS DO COMPORTAMENTO') ON CONFLICT DO NOTHING;
INSERT INTO procedimentos_cbhpm (codigo, procedimento_id, descricao, porte) VALUES ('3.14.01.35-0', 98, 'Implante de halo para radiocirurgia', '10A') ON CONFLICT DO NOTHING;
INSERT INTO procedimentos_cbhpm (codigo, procedimento_id, descricao, porte) VALUES ('3.14.01.13-9', 98, 'Localização estereotaxica de lesões intracranianas com remoção*', '10A') ON CONFLICT DO NOTHING;
INSERT INTO procedimentos_cbhpm (codigo, procedimento_id, descricao, porte) VALUES ('3.14.03.16-6', 98, 'Lesão estereotáxica de estruturas profundas para tratamento da dor, ou', '10B') ON CONFLICT DO NOTHING;
INSERT INTO procedimentos_cbhpm (codigo, procedimento_id, descricao, porte) VALUES ('3.14.01.09-0', 98, 'Implante de eletrodos cerebral profundo', '8A') ON CONFLICT DO NOTHING;
INSERT INTO procedimentos_cbhpm (codigo, procedimento_id, descricao, porte) VALUES ('4.01.03.43-9', 98, 'Impedanciometria*', '2B') ON CONFLICT DO NOTHING;
INSERT INTO procedimentos_cbhpm (codigo, procedimento_id, descricao, porte) VALUES ('3.14.01.02-3', 98, 'Cingulotomia ou capsulotomia unilateral**', '10B') ON CONFLICT DO NOTHING;
INSERT INTO procedimentos_cbhpm (codigo, procedimento_id, descricao, porte) VALUES ('4.08.11.02-6', 98, 'Radioscopia para acompanhamento de procedimento cirúrgico', '2B') ON CONFLICT DO NOTHING;
INSERT INTO procedimentos_cbhpm (codigo, procedimento_id, descricao, porte) VALUES ('1.01.05.07-7', 98, 'Acompanhamento médico para transporte intra-hospitalar', '2C') ON CONFLICT DO NOTHING;
INSERT INTO procedimentos (id, nome) VALUES (99, '9.11 – NEURALGIA DO TRIGÊMEO (Técnica percutânea com balão)') ON CONFLICT DO NOTHING;
INSERT INTO procedimentos_cbhpm (codigo, procedimento_id, descricao, porte) VALUES ('3.14.04.03-0', 99, 'Tratamento da neuralgia do trigêmeo por via percutânea', '10A') ON CONFLICT DO NOTHING;
INSERT INTO procedimentos_cbhpm (codigo, procedimento_id, descricao, porte) VALUES ('4.08.11.02-6', 99, 'Radioscopia para acompanhamento de procedimento cirúrgico', '2B') ON CONFLICT DO NOTHING;
INSERT INTO procedimentos (id, nome) VALUES (100, '9.12 – NEURALGIA DO TRIGÊMEO E DEMAIS NERVOS CRANIANOS I') ON CONFLICT DO NOTHING;
INSERT INTO procedimentos_cbhpm (codigo, procedimento_id, descricao, porte) VALUES ('3.14.04.03-0', 100, 'Tratamento da neuralgia do trigêmeo por via percutânea', '10A') ON CONFLICT DO NOTHING;
INSERT INTO procedimentos_cbhpm (codigo, procedimento_id, descricao, porte) VALUES ('4.01.03.43-9', 100, 'Impedanciometria', '2B') ON CONFLICT DO NOTHING;
INSERT INTO procedimentos_cbhpm (codigo, procedimento_id, descricao, porte) VALUES ('4.08.11.02-6', 100, 'Radioscopia para acompanhamento de procedimento cirúrgico', '2B') ON CONFLICT DO NOTHING;
INSERT INTO procedimentos (id, nome) VALUES (101, '9.13 – NEURALGIA DO TRIGÊMEO E DEMAIS NERVOS CRANIANOS II') ON CONFLICT DO NOTHING;
INSERT INTO procedimentos_cbhpm (codigo, procedimento_id, descricao, porte) VALUES ('3.14.04.03-0', 101, 'Tratamento da neuralgia do trigêmeo por via percutânea', '10A') ON CONFLICT DO NOTHING;
INSERT INTO procedimentos_cbhpm (codigo, procedimento_id, descricao, porte) VALUES ('3.16.02.13-4', 101, 'Bloqueio neurolítico de nervos cranianos ou cervico-torácico', '6B') ON CONFLICT DO NOTHING;
INSERT INTO procedimentos_cbhpm (codigo, procedimento_id, descricao, porte) VALUES ('4.08.11.02-6', 101, 'Radioscopia para acompanhamento de procedimento cirúrgico', '2B') ON CONFLICT DO NOTHING;
INSERT INTO procedimentos (id, nome) VALUES (102, '9.14 – TRATAMENTO DE DOR CRÔNICA POR CORDOTOMIA I') ON CONFLICT DO NOTHING;
INSERT INTO procedimentos_cbhpm (codigo, procedimento_id, descricao, porte) VALUES ('3.14.02.01-1', 102, 'Cordotomia-mielotomias por radiofrequência', '10B') ON CONFLICT DO NOTHING;
INSERT INTO procedimentos_cbhpm (codigo, procedimento_id, descricao, porte) VALUES ('3.07.15.19-9', 102, 'Laminectomia ou laminotomia', '9C') ON CONFLICT DO NOTHING;
INSERT INTO procedimentos_cbhpm (codigo, procedimento_id, descricao, porte) VALUES ('4.08.11.02-6', 102, 'Radioscopia para acompanhamento de procedimento cirúrgico', '2B') ON CONFLICT DO NOTHING;
INSERT INTO procedimentos (id, nome) VALUES (103, '9.15 – TRATAMENTO DE DOR CRÔNICA POR CORDOTOMIA II') ON CONFLICT DO NOTHING;
INSERT INTO procedimentos_cbhpm (codigo, procedimento_id, descricao, porte) VALUES ('3.14.02.01-1', 103, 'Cordotomia-mielotomias por radiofrequência', '10B') ON CONFLICT DO NOTHING;
INSERT INTO procedimentos_cbhpm (codigo, procedimento_id, descricao, porte) VALUES ('4.01.03.43-9', 103, 'Impedanciometria', '2B') ON CONFLICT DO NOTHING;
INSERT INTO procedimentos_cbhpm (codigo, procedimento_id, descricao, porte) VALUES ('3.07.15.25-3', 103, 'Punção Liquórica', '2B') ON CONFLICT DO NOTHING;
INSERT INTO procedimentos_cbhpm (codigo, procedimento_id, descricao, porte) VALUES ('4.08.11.02-6', 103, 'Radioscopia para acompanhamento de procedimento cirúrgico', '2B') ON CONFLICT DO NOTHING;
INSERT INTO procedimentos (id, nome) VALUES (104, '9.16 – TRATAMENTO DE DOR CRÔNICA POR CORDOTOMIA III') ON CONFLICT DO NOTHING;
INSERT INTO procedimentos_cbhpm (codigo, procedimento_id, descricao, porte) VALUES ('3.14.02.01-1', 104, 'Cordotomia-mielotomias por radiofrequência', '10B') ON CONFLICT DO NOTHING;
INSERT INTO procedimentos_cbhpm (codigo, procedimento_id, descricao, porte) VALUES ('3.07.15.05-9', 104, 'Cirurgia da coluna por via endoscópica', '11A') ON CONFLICT DO NOTHING;
INSERT INTO procedimentos_cbhpm (codigo, procedimento_id, descricao, porte) VALUES ('3.07.15.25-3', 104, 'Punção Liquórica', '2B') ON CONFLICT DO NOTHING;
INSERT INTO procedimentos_cbhpm (codigo, procedimento_id, descricao, porte) VALUES ('4.01.03.43-9', 104, 'Impedanciometria', '2B') ON CONFLICT DO NOTHING;
INSERT INTO procedimentos_cbhpm (codigo, procedimento_id, descricao, porte) VALUES ('4.08.11.02-6', 104, 'Radioscopia para acompanhamento de procedimento cirúrgico', '2B') ON CONFLICT DO NOTHING;
INSERT INTO procedimentos (id, nome) VALUES (105, '9.17 – DREZOTOMIA') ON CONFLICT DO NOTHING;
INSERT INTO procedimentos_cbhpm (codigo, procedimento_id, descricao, porte) VALUES ('3.14.02.02-0', 105, 'Lesão de substância gelatinosa medular (DREZ) por radiofrequência*', '10B') ON CONFLICT DO NOTHING;
INSERT INTO procedimentos_cbhpm (codigo, procedimento_id, descricao, porte) VALUES ('3.07.15.19-9', 105, 'Laminectomia ou laminotomia', '9C') ON CONFLICT DO NOTHING;
INSERT INTO procedimentos_cbhpm (codigo, procedimento_id, descricao, porte) VALUES ('4.01.03.43-9', 105, 'Impedanciometria', '2B') ON CONFLICT DO NOTHING;
INSERT INTO procedimentos_cbhpm (codigo, procedimento_id, descricao, porte) VALUES ('4.08.11.02-6', 105, 'Radioscopia para acompanhamento de procedimento cirúrgico', '2B') ON CONFLICT DO NOTHING;
INSERT INTO procedimentos (id, nome) VALUES (106, '9.18 – ESTIMULAÇÃO ELÉTRICA MEDULAR E/OU DE NERVO PERIFÉRICO I') ON CONFLICT DO NOTHING;
INSERT INTO procedimentos_cbhpm (codigo, procedimento_id, descricao, porte) VALUES ('3.14.01.10-4', 106, 'Implante de eletrodos medular ou cerebral', '10A') ON CONFLICT DO NOTHING;
INSERT INTO procedimentos_cbhpm (codigo, procedimento_id, descricao, porte) VALUES ('3.16.02.22-3', 106, 'Passagem de Cateter peridural ou Subaracnoídeo c/ bloqueio de prova', '3C') ON CONFLICT DO NOTHING;
INSERT INTO procedimentos_cbhpm (codigo, procedimento_id, descricao, porte) VALUES ('4.08.11.02-6', 106, 'Radioscopia para acompanhamento de procedimento cirúrgico', '2B') ON CONFLICT DO NOTHING;
INSERT INTO procedimentos (id, nome) VALUES (107, '9.19 – ESTIMULAÇÃO ELÉTRICA MEDULAR E/OU NERVO PERIFÉRICO II') ON CONFLICT DO NOTHING;
INSERT INTO procedimentos_cbhpm (codigo, procedimento_id, descricao, porte) VALUES ('3.14.01.10-4', 107, 'Implante de eletrodos medular ou cerebral*', '10A') ON CONFLICT DO NOTHING;
INSERT INTO procedimentos_cbhpm (codigo, procedimento_id, descricao, porte) VALUES ('3.14.03.14-0', 107, 'Implante de gerador para neuroestimulação', '8A') ON CONFLICT DO NOTHING;
INSERT INTO procedimentos_cbhpm (codigo, procedimento_id, descricao, porte) VALUES ('4.01.03.43-9', 107, 'Impedanciometria', '2B') ON CONFLICT DO NOTHING;
INSERT INTO procedimentos_cbhpm (codigo, procedimento_id, descricao, porte) VALUES ('3.16.02.22-3', 107, 'Passagem de Cateter peridural ou Subaracnoídeo c/ bloqueio de prova*', '3C') ON CONFLICT DO NOTHING;
INSERT INTO procedimentos_cbhpm (codigo, procedimento_id, descricao, porte) VALUES ('4.08.11.02-6', 107, 'Radioscopia para acompanhamento de procedimento cirúrgico', '2B') ON CONFLICT DO NOTHING;
INSERT INTO procedimentos (id, nome) VALUES (108, '9.20 – ESTIMULAÇÃO ELÉTRICA MEDULAR') ON CONFLICT DO NOTHING;
INSERT INTO procedimentos_cbhpm (codigo, procedimento_id, descricao, porte) VALUES ('3.14.01.10-4', 108, 'Implante de eletrodos medular ou cerebral', '10A') ON CONFLICT DO NOTHING;
INSERT INTO procedimentos_cbhpm (codigo, procedimento_id, descricao, porte) VALUES ('3.07.15.19-9', 108, 'Laminectomia ou laminotomia', '9C') ON CONFLICT DO NOTHING;
INSERT INTO procedimentos_cbhpm (codigo, procedimento_id, descricao, porte) VALUES ('4.08.11.02-6', 108, 'Radioscopia para acompanhamento de procedimento cirúrgico', '2B') ON CONFLICT DO NOTHING;
INSERT INTO procedimentos (id, nome) VALUES (109, '9.21 – ESTIMULAÇÃO ELÉTRICA MEDULAR') ON CONFLICT DO NOTHING;
INSERT INTO procedimentos_cbhpm (codigo, procedimento_id, descricao, porte) VALUES ('3.07.15.19-9', 109, 'Laminectomia ou laminotomia*', '9C') ON CONFLICT DO NOTHING;
INSERT INTO procedimentos_cbhpm (codigo, procedimento_id, descricao, porte) VALUES ('3.14.01.10-4', 109, 'Implante de eletrodos medular ou cerebral*', '10A') ON CONFLICT DO NOTHING;
INSERT INTO procedimentos_cbhpm (codigo, procedimento_id, descricao, porte) VALUES ('3.14.03.14-0', 109, 'Implante de gerador para neuroestimulação', '8A') ON CONFLICT DO NOTHING;
INSERT INTO procedimentos_cbhpm (codigo, procedimento_id, descricao, porte) VALUES ('4.01.03.43-9', 109, 'Impedanciometria', '2B') ON CONFLICT DO NOTHING;
INSERT INTO procedimentos_cbhpm (codigo, procedimento_id, descricao, porte) VALUES ('4.08.11.02-6', 109, 'Radioscopia para acompanhamento de procedimento cirúrgico **', '2B') ON CONFLICT DO NOTHING;
INSERT INTO procedimentos (id, nome) VALUES (110, '9.22 –RIZOTOMIA SELETIVA OU SUPERSELETIVA PARA ESPASTICIDADE') ON CONFLICT DO NOTHING;
INSERT INTO procedimentos_cbhpm (codigo, procedimento_id, descricao, porte) VALUES ('3.07.15.19-9', 110, 'Laminectomia ou laminotomia', '9C') ON CONFLICT DO NOTHING;
INSERT INTO procedimentos_cbhpm (codigo, procedimento_id, descricao, porte) VALUES ('3.14.03.12-3', 110, 'Exploração cirúrgica de nervos (Neurólise externa)', '5B') ON CONFLICT DO NOTHING;
INSERT INTO procedimentos_cbhpm (codigo, procedimento_id, descricao, porte) VALUES ('3.14.03.21-2', 110, 'Microneurólise intraneural ou intrafascicular de dois ou mais nervos', '8B') ON CONFLICT DO NOTHING;
INSERT INTO procedimentos_cbhpm (codigo, procedimento_id, descricao, porte) VALUES ('4.08.11.02-6', 110, 'Radioscopia para acompanhamento de procedimento cirúrgico', '2B') ON CONFLICT DO NOTHING;
INSERT INTO procedimentos (id, nome) VALUES (111, '9.23 –RIZOTOMIA PERCUTANEA PARA ESPASTICIDADE') ON CONFLICT DO NOTHING;
INSERT INTO procedimentos_cbhpm (codigo, procedimento_id, descricao, porte) VALUES ('3.14.03.33-6', 111, 'Rizotomia percutânea por segmento - qualquer método*', '10C') ON CONFLICT DO NOTHING;
INSERT INTO procedimentos_cbhpm (codigo, procedimento_id, descricao, porte) VALUES ('4.08.11.02-6', 111, 'Radioscopia para acompanhamento de procedimento cirúrgico', '2B') ON CONFLICT DO NOTHING;
INSERT INTO procedimentos (id, nome) VALUES (112, '9.24 –NEUROTOMIA PERIFÉRICA PARA ESPASTICIDADE') ON CONFLICT DO NOTHING;
INSERT INTO procedimentos_cbhpm (codigo, procedimento_id, descricao, porte) VALUES ('3.14.03.21-2', 112, 'Microneurólise intraneural ou intrafascicular de dois ou mais nervos', '8B') ON CONFLICT DO NOTHING;
INSERT INTO procedimentos_cbhpm (codigo, procedimento_id, descricao, porte) VALUES ('3.14.03.12-3', 112, 'Exploração cirúrgica de nervos (Neurólise externa)*', '5B') ON CONFLICT DO NOTHING;
INSERT INTO procedimentos (id, nome) VALUES (113, '9.25 – BLOQUEIO DO GÂNGLIO ESTRELADO') ON CONFLICT DO NOTHING;
INSERT INTO procedimentos_cbhpm (codigo, procedimento_id, descricao, porte) VALUES ('3.14.05.01-0', 113, 'Bloqueio do sistema nervoso autônomo', '6A') ON CONFLICT DO NOTHING;
INSERT INTO procedimentos_cbhpm (codigo, procedimento_id, descricao, porte) VALUES ('4.08.11.02-6', 113, 'Radioscopia para acompanhamento de procedimento cirúrgico', '2B') ON CONFLICT DO NOTHING;
INSERT INTO procedimentos (id, nome) VALUES (114, '9.26 – BLOQUEIO NEUROLÍTICO DE NERVOS CRANIANOS OU CÉRVICO-') ON CONFLICT DO NOTHING;
INSERT INTO procedimentos_cbhpm (codigo, procedimento_id, descricao, porte) VALUES ('3.16.02.13-4', 114, 'Bloqueio Neurolítico de nervos cranianos ou cervico-toracico', '6B') ON CONFLICT DO NOTHING;
INSERT INTO procedimentos_cbhpm (codigo, procedimento_id, descricao, porte) VALUES ('3.14.05.01-0', 114, 'Bloqueio do sistema nervoso autônomo', '6A') ON CONFLICT DO NOTHING;
INSERT INTO procedimentos_cbhpm (codigo, procedimento_id, descricao, porte) VALUES ('4.08.11.02-6', 114, 'Radioscopia para acompanhamento de procedimento cirúrgico', '2B') ON CONFLICT DO NOTHING;
INSERT INTO procedimentos (id, nome) VALUES (115, '9.27 – INFILTRAÇÃO DE COLUNA (DOR AXIAL E/OU RADICULAR)') ON CONFLICT DO NOTHING;
INSERT INTO procedimentos_cbhpm (codigo, procedimento_id, descricao, porte) VALUES ('4.08.13.36-3', 115, 'Coluna vertebral: infiltração foraminal ou facetária ou articular*', '5A') ON CONFLICT DO NOTHING;
INSERT INTO procedimentos_cbhpm (codigo, procedimento_id, descricao, porte) VALUES ('4.08.11.02-6', 115, 'Radioscopia para acompanhamento de procedimento cirúrgico', '2B') ON CONFLICT DO NOTHING;
INSERT INTO procedimentos (id, nome) VALUES (116, '9.28 – RIZOTOMIA DE FACETAS POR MÉTODO QUÍMICO') ON CONFLICT DO NOTHING;
INSERT INTO procedimentos_cbhpm (codigo, procedimento_id, descricao, porte) VALUES ('3.14.03.33-6', 116, 'Rizotomia percutâneo por segmento – qualquer método', '10C') ON CONFLICT DO NOTHING;
INSERT INTO procedimentos_cbhpm (codigo, procedimento_id, descricao, porte) VALUES ('4.08.11.02-6', 116, 'Radioscopia para acompanhamento de procedimento cirúrgico', '2B') ON CONFLICT DO NOTHING;
INSERT INTO procedimentos (id, nome) VALUES (117, '9.29 – RIZOTOMIA DE FACETAS POR RADIOFREQUÊNCIA') ON CONFLICT DO NOTHING;
INSERT INTO procedimentos_cbhpm (codigo, procedimento_id, descricao, porte) VALUES ('3.14.03.33-6', 117, 'Rizotomia percutâneo por segmento – qualquer método', '10C') ON CONFLICT DO NOTHING;
INSERT INTO procedimentos_cbhpm (codigo, procedimento_id, descricao, porte) VALUES ('4.08.11.02-6', 117, 'Radioscopia para acompanhamento de procedimento cirúrgico', '2B') ON CONFLICT DO NOTHING;
INSERT INTO procedimentos (id, nome) VALUES (118, '9.30 –BLOQUEIO DO PLEXO CELÍACO') ON CONFLICT DO NOTHING;
INSERT INTO procedimentos_cbhpm (codigo, procedimento_id, descricao, porte) VALUES ('3.14.05.01-0', 118, 'Bloqueio do sistema nervoso autônomo', '6A') ON CONFLICT DO NOTHING;
INSERT INTO procedimentos_cbhpm (codigo, procedimento_id, descricao, porte) VALUES ('3.16.02.11-8', 118, 'Bloqueio de nervo periférico', '3B') ON CONFLICT DO NOTHING;
INSERT INTO procedimentos_cbhpm (codigo, procedimento_id, descricao, porte) VALUES ('4.08.11.02-6', 118, 'Radioscopia para acompanhamento de procedimento cirúrgico', '2B') ON CONFLICT DO NOTHING;
INSERT INTO procedimentos (id, nome) VALUES (119, '9.31 –BLOQUEIO NEUROLÍTICO DO PLEXO CELÍACO E OUTROS NERVOS') ON CONFLICT DO NOTHING;
INSERT INTO procedimentos_cbhpm (codigo, procedimento_id, descricao, porte) VALUES ('3.16.02.14-2', 119, 'Bloqueio Neurolítico do plexo celíaco, simpático lombar ou torácico', '6B') ON CONFLICT DO NOTHING;
INSERT INTO procedimentos_cbhpm (codigo, procedimento_id, descricao, porte) VALUES ('3.16.02.11-8', 119, 'Bloqueio de nervo periférico', '3B') ON CONFLICT DO NOTHING;
INSERT INTO procedimentos_cbhpm (codigo, procedimento_id, descricao, porte) VALUES ('4.08.11.02-6', 119, 'Radioscopia para acompanhamento de procedimento cirúrgico', '2B') ON CONFLICT DO NOTHING;
INSERT INTO procedimentos (id, nome) VALUES (120, '9.32 – TESTE PARA IMPLANTE DE BOMBA DE INFUSÃO FÁRMACO') ON CONFLICT DO NOTHING;
INSERT INTO procedimentos_cbhpm (codigo, procedimento_id, descricao, porte) VALUES ('3.16.02.07-0', 120, 'Bloqueio anestésico simpático', '4C') ON CONFLICT DO NOTHING;
INSERT INTO procedimentos_cbhpm (codigo, procedimento_id, descricao, porte) VALUES ('3.07.15.25-3', 120, 'Punção Liquórica', '2B') ON CONFLICT DO NOTHING;
INSERT INTO procedimentos_cbhpm (codigo, procedimento_id, descricao, porte) VALUES ('3.16.02.22-3', 120, 'Passagem de Cateter peridural ou Subaracnoídeo c/ bloqueio de prova', '3C') ON CONFLICT DO NOTHING;
INSERT INTO procedimentos_cbhpm (codigo, procedimento_id, descricao, porte) VALUES ('3.16.02.11-8', 120, 'Bloqueio de nervo periférico', '3B') ON CONFLICT DO NOTHING;
INSERT INTO procedimentos_cbhpm (codigo, procedimento_id, descricao, porte) VALUES ('4.08.11.02-6', 120, 'Radioscopia para acompanhamento de procedimento cirúrgico', '2B') ON CONFLICT DO NOTHING;
INSERT INTO procedimentos (id, nome) VALUES (121, '9.33 – BOMBA DE INFUSÃO DE FÁRMACO INTRATECAL') ON CONFLICT DO NOTHING;
INSERT INTO procedimentos_cbhpm (codigo, procedimento_id, descricao, porte) VALUES ('3.07.15.25-3', 121, 'Punção Liquórica', '2B') ON CONFLICT DO NOTHING;
INSERT INTO procedimentos_cbhpm (codigo, procedimento_id, descricao, porte) VALUES ('3.16.02.22-3', 121, 'Passagem de Cateter peridural ou Subaracnoídeo c/ bloqueio de prova', '3C') ON CONFLICT DO NOTHING;
INSERT INTO procedimentos_cbhpm (codigo, procedimento_id, descricao, porte) VALUES ('3.14.01.12-0', 121, 'Implante intratecal de bombas para infusão de fármacos', '8C') ON CONFLICT DO NOTHING;
INSERT INTO procedimentos_cbhpm (codigo, procedimento_id, descricao, porte) VALUES ('3.16.02.16-9', 121, 'Bloqueio peridural ou subaracnóideo', '6B') ON CONFLICT DO NOTHING;
INSERT INTO procedimentos_cbhpm (codigo, procedimento_id, descricao, porte) VALUES ('4.08.11.02-6', 121, 'Radioscopia para acompanhamento de procedimento cirúrgico', '2B') ON CONFLICT DO NOTHING;
INSERT INTO procedimentos (id, nome) VALUES (122, '9.34 – REPOSIÇÃO DE FÁRMACO DE BOMBAS IMPLANTADAS') ON CONFLICT DO NOTHING;
INSERT INTO procedimentos_cbhpm (codigo, procedimento_id, descricao, porte) VALUES ('1.01.01.01-2', 122, 'Em consultório (no horário normal ou preestabelecido)', '2B') ON CONFLICT DO NOTHING;
INSERT INTO procedimentos_cbhpm (codigo, procedimento_id, descricao, porte) VALUES ('3.14.03.30-1', 122, 'Reposição de fármaco em bombas implantadas', '1B') ON CONFLICT DO NOTHING;
INSERT INTO procedimentos_cbhpm (codigo, procedimento_id, descricao, porte) VALUES ('3.16.02.16-9', 122, 'Bloqueio peridural ou subaracnóideo', '6B') ON CONFLICT DO NOTHING;
INSERT INTO procedimentos_cbhpm (codigo, procedimento_id, descricao, porte) VALUES ('4.08.10.01-1', 122, 'Mielografia*', '3A') ON CONFLICT DO NOTHING;
INSERT INTO procedimentos (id, nome) VALUES (123, '9.35 – REVISÃO DE BOMBA DE INFUSÃO DE FÁRMACO') ON CONFLICT DO NOTHING;
INSERT INTO procedimentos_cbhpm (codigo, procedimento_id, descricao, porte) VALUES ('3.14.03.32-8', 123, 'Revisão de sistema implantados para infusão de fármacos', '6A') ON CONFLICT DO NOTHING;
INSERT INTO procedimentos_cbhpm (codigo, procedimento_id, descricao, porte) VALUES ('3.14.01.12-0', 123, 'Implante intratecal de bombas para infusão de fármacos', '8C') ON CONFLICT DO NOTHING;
INSERT INTO procedimentos_cbhpm (codigo, procedimento_id, descricao, porte) VALUES ('3.07.15.25-3', 123, 'Punção Liquórica', '2B') ON CONFLICT DO NOTHING;
INSERT INTO procedimentos_cbhpm (codigo, procedimento_id, descricao, porte) VALUES ('3.16.02.22-3', 123, 'Passagem de Cateter peridural ou Subaracnoídeo c/ bloqueio de prova', '3C') ON CONFLICT DO NOTHING;
INSERT INTO procedimentos_cbhpm (codigo, procedimento_id, descricao, porte) VALUES ('3.14.05.01-0', 123, 'Bloqueio do sistema nervoso autônomo', '6A') ON CONFLICT DO NOTHING;
INSERT INTO procedimentos_cbhpm (codigo, procedimento_id, descricao, porte) VALUES ('4.08.11.02-6', 123, 'Radioscopia para acompanhamento de procedimento cirúrgico', '2B') ON CONFLICT DO NOTHING;
INSERT INTO procedimentos (id, nome) VALUES (124, '9.36 – REVISÃO DE SISTEMA DE NEUROESTIMULAÇÃO') ON CONFLICT DO NOTHING;
INSERT INTO procedimentos_cbhpm (codigo, procedimento_id, descricao, porte) VALUES ('3.14.01.22-8', 124, 'Revisão de sistema de neuroestimulação', '3C') ON CONFLICT DO NOTHING;
INSERT INTO procedimentos_cbhpm (codigo, procedimento_id, descricao, porte) VALUES ('4.08.11.02-6', 124, 'Radioscopia para acompanhamento de procedimento cirúrgico', '2B') ON CONFLICT DO NOTHING;
INSERT INTO procedimentos (id, nome) VALUES (125, '10.1 – ENCEFALOCELE: TRATAMENTO CIRÚRGICO') ON CONFLICT DO NOTHING;
INSERT INTO procedimentos_cbhpm (codigo, procedimento_id, descricao, porte) VALUES ('3.14.01.27-9', 125, 'Tratamento cirúrgico da meningoencefalocele', '10B') ON CONFLICT DO NOTHING;
INSERT INTO procedimentos_cbhpm (codigo, procedimento_id, descricao, porte) VALUES ('3.07.15.32-6', 125, 'Tratamento cirúrgico das malformações craniovertebrais', '10B') ON CONFLICT DO NOTHING;
INSERT INTO procedimentos_cbhpm (codigo, procedimento_id, descricao, porte) VALUES ('3.02.15.04-8', 125, 'Reconstrução craniana ou craniofacial', '11A') ON CONFLICT DO NOTHING;
INSERT INTO procedimentos_cbhpm (codigo, procedimento_id, descricao, porte) VALUES ('3.14.01.26-0', 125, 'Tratamento cirúrgico da fístula liquórica', '10C') ON CONFLICT DO NOTHING;
INSERT INTO procedimentos_cbhpm (codigo, procedimento_id, descricao, porte) VALUES ('3.01.01.68-9', 125, 'Reconstrução com retalho da gálea aponeurótica', '8C') ON CONFLICT DO NOTHING;
INSERT INTO procedimentos_cbhpm (codigo, procedimento_id, descricao, porte) VALUES ('3.01.01.55-7', 125, 'Extensos ferimentos - exérese e rotação de retalho fasciocutaneo', '9B') ON CONFLICT DO NOTHING;
INSERT INTO procedimentos_cbhpm (codigo, procedimento_id, descricao, porte) VALUES ('3.01.01.67-0', 125, 'Plástica em Z ou W', '4A') ON CONFLICT DO NOTHING;
INSERT INTO procedimentos_cbhpm (codigo, procedimento_id, descricao, porte) VALUES ('3.01.01.23-9', 125, 'Curativo especial sob anestesia - por unidade topográfica (UT)', '2C') ON CONFLICT DO NOTHING;
INSERT INTO procedimentos (id, nome) VALUES (126, '10.2 – DISRAFISMO ESPINHAL: TRATAMENTO CIRÚRGICO') ON CONFLICT DO NOTHING;
INSERT INTO procedimentos_cbhpm (codigo, procedimento_id, descricao, porte) VALUES ('3.07.15.33-4', 126, 'Tratamento cirúrgico do disrafismo', '10B') ON CONFLICT DO NOTHING;
INSERT INTO procedimentos_cbhpm (codigo, procedimento_id, descricao, porte) VALUES ('3.07.15.32-6', 126, 'Tratamento cirúrgico das malformaçoes craniovertebrais*', '10B') ON CONFLICT DO NOTHING;
INSERT INTO procedimentos_cbhpm (codigo, procedimento_id, descricao, porte) VALUES ('3.07.15.19-9', 126, 'Laminectomia ou laminotomia**', '9C') ON CONFLICT DO NOTHING;
INSERT INTO procedimentos_cbhpm (codigo, procedimento_id, descricao, porte) VALUES ('3.14.01.26-0', 126, 'Tratamento cirúrgico da fístula liquórica', '10C') ON CONFLICT DO NOTHING;
INSERT INTO procedimentos_cbhpm (codigo, procedimento_id, descricao, porte) VALUES ('3.01.01.57-3', 126, 'Extensos ferimentos - exérese e rotação de retalhos musculares', '9A') ON CONFLICT DO NOTHING;
INSERT INTO procedimentos_cbhpm (codigo, procedimento_id, descricao, porte) VALUES ('3.01.01.55-7', 126, 'Extensos ferimentos - exérese e rotação de retalho fasciocutaneo', '9B') ON CONFLICT DO NOTHING;
INSERT INTO procedimentos_cbhpm (codigo, procedimento_id, descricao, porte) VALUES ('3.01.01.67-0', 126, 'Plástica em Z ou W', '4A') ON CONFLICT DO NOTHING;
INSERT INTO procedimentos_cbhpm (codigo, procedimento_id, descricao, porte) VALUES ('3.01.01.23-9', 126, 'Curativo especial sob anestesia - por unidade topográfica (UT)', '2C') ON CONFLICT DO NOTHING;
INSERT INTO procedimentos (id, nome) VALUES (127, '10.3 – MEDULA PRESA: LIBERAÇÃO CIRÚRGICA') ON CONFLICT DO NOTHING;
INSERT INTO procedimentos_cbhpm (codigo, procedimento_id, descricao, porte) VALUES ('3.07.15.33-4', 127, 'Tratamento cirúrgico do disrafismo', '10B') ON CONFLICT DO NOTHING;
INSERT INTO procedimentos_cbhpm (codigo, procedimento_id, descricao, porte) VALUES ('3.07.15.19-9', 127, 'Laminectomia ou laminotomia', '9C') ON CONFLICT DO NOTHING;
INSERT INTO procedimentos_cbhpm (codigo, procedimento_id, descricao, porte) VALUES ('3.07.15.09-1', 127, 'Descompressão medular e/ou cauda equina', '9C') ON CONFLICT DO NOTHING;
INSERT INTO procedimentos_cbhpm (codigo, procedimento_id, descricao, porte) VALUES ('3.07.15.35-0', 127, 'Tratamento microcirúrgico das lesões intramedulares (tumor,', '13B') ON CONFLICT DO NOTHING;
INSERT INTO procedimentos_cbhpm (codigo, procedimento_id, descricao, porte) VALUES ('3.14.01.26-0', 127, 'Tratamento cirúrgico da fístula liquórica', '10C') ON CONFLICT DO NOTHING;
INSERT INTO procedimentos_cbhpm (codigo, procedimento_id, descricao, porte) VALUES ('3.14.03.22-0', 127, 'Microneurólise múltipla', '8B') ON CONFLICT DO NOTHING;
INSERT INTO procedimentos_cbhpm (codigo, procedimento_id, descricao, porte) VALUES ('3.07.30.11-2', 127, 'Miorrafias', '3C') ON CONFLICT DO NOTHING;
INSERT INTO procedimentos_cbhpm (codigo, procedimento_id, descricao, porte) VALUES ('3.01.01.23-9', 127, 'Curativo especial sob anestesia - por unidade topográfica (UT)', '2C') ON CONFLICT DO NOTHING;
INSERT INTO procedimentos (id, nome) VALUES (128, '10.4 – TERCEIROVENTRICULOSTOMIA ENDOSCÓPICA') ON CONFLICT DO NOTHING;
INSERT INTO procedimentos_cbhpm (codigo, procedimento_id, descricao, porte) VALUES ('3.14.01.03-1', 128, 'Cirurgia Intracraniana por via endoscópica', '11A') ON CONFLICT DO NOTHING;
INSERT INTO procedimentos_cbhpm (codigo, procedimento_id, descricao, porte) VALUES ('3.14.01.24-4', 128, 'Terceiro Ventriculostomia', '9C') ON CONFLICT DO NOTHING;
INSERT INTO procedimentos_cbhpm (codigo, procedimento_id, descricao, porte) VALUES ('3.14.01.26-0', 128, 'Tratamento cirúrgico da fístula liquórica', '10C') ON CONFLICT DO NOTHING;
INSERT INTO procedimentos_cbhpm (codigo, procedimento_id, descricao, porte) VALUES ('3.14.01.30-9', 128, 'Tratamento cirúrgico do hematoma intracraniano*', '10B') ON CONFLICT DO NOTHING;
INSERT INTO procedimentos (id, nome) VALUES (129, '10.5 – CRANIOESTENOSE SIMPLES') ON CONFLICT DO NOTHING;
INSERT INTO procedimentos_cbhpm (codigo, procedimento_id, descricao, porte) VALUES ('3.02.15.04-8', 129, 'Reconstrução craniana ou craniofacial', '11A') ON CONFLICT DO NOTHING;
INSERT INTO procedimentos_cbhpm (codigo, procedimento_id, descricao, porte) VALUES ('3.02.15.07-2', 129, 'Tratamento cirúrgico da craniossinostose', '8C') ON CONFLICT DO NOTHING;
INSERT INTO procedimentos_cbhpm (codigo, procedimento_id, descricao, porte) VALUES ('3.04.04.12-6', 129, 'Ressecção do osso temporal', '11B') ON CONFLICT DO NOTHING;
INSERT INTO procedimentos_cbhpm (codigo, procedimento_id, descricao, porte) VALUES ('3.02.10.10-0', 129, 'Reconstrução com rotação do músculo temporal', '9C') ON CONFLICT DO NOTHING;
INSERT INTO procedimentos_cbhpm (codigo, procedimento_id, descricao, porte) VALUES ('3.01.01.68-9', 129, 'Reconstrução com retalho da gálea aponeurótica', '8C') ON CONFLICT DO NOTHING;
INSERT INTO procedimentos (id, nome) VALUES (130, '10.6 – CRANIOESTENOSE COMPLEXA') ON CONFLICT DO NOTHING;
INSERT INTO procedimentos_cbhpm (codigo, procedimento_id, descricao, porte) VALUES ('3.02.15.04-8', 130, 'Reconstrução craniana ou craniofacial', '11A') ON CONFLICT DO NOTHING;
INSERT INTO procedimentos_cbhpm (codigo, procedimento_id, descricao, porte) VALUES ('3.02.15.07-2', 130, 'Tratamento cirúrgico da craniossinostose', '8C') ON CONFLICT DO NOTHING;
INSERT INTO procedimentos_cbhpm (codigo, procedimento_id, descricao, porte) VALUES ('3.04.04.12-6', 130, 'Ressecção do osso temporal', '11B') ON CONFLICT DO NOTHING;
INSERT INTO procedimentos_cbhpm (codigo, procedimento_id, descricao, porte) VALUES ('3.02.10.10-0', 130, 'Reconstrução com rotação do músculo temporal', '9C') ON CONFLICT DO NOTHING;
INSERT INTO procedimentos_cbhpm (codigo, procedimento_id, descricao, porte) VALUES ('3.03.02.02-1', 130, 'Descompressão de órbita ou nervo óptico', '9B') ON CONFLICT DO NOTHING;
INSERT INTO procedimentos_cbhpm (codigo, procedimento_id, descricao, porte) VALUES ('3.03.02.10-2', 130, 'Reconstituição de paredes orbitárias', '9B') ON CONFLICT DO NOTHING;
INSERT INTO procedimentos_cbhpm (codigo, procedimento_id, descricao, porte) VALUES ('3.01.01.68-9', 130, 'Reconstrução com retalho da gálea aponeurótica', '8C') ON CONFLICT DO NOTHING;
INSERT INTO procedimentos (id, nome) VALUES (131, '10.7 – PUNÇÃO TRANSFONTANELA') ON CONFLICT DO NOTHING;
INSERT INTO procedimentos_cbhpm (codigo, procedimento_id, descricao, porte) VALUES ('1.01.01.03-9', 131, 'Consulta em pronto-socorro', '2B') ON CONFLICT DO NOTHING;
INSERT INTO procedimentos_cbhpm (codigo, procedimento_id, descricao, porte) VALUES ('3.14.01.19-8', 131, 'Punção subdural ou transfontanela', '2B') ON CONFLICT DO NOTHING;
INSERT INTO procedimentos (id, nome) VALUES (132, '11.1 – BIÓPSIA DE NERVO') ON CONFLICT DO NOTHING;
INSERT INTO procedimentos_cbhpm (codigo, procedimento_id, descricao, porte) VALUES ('3.14.03.12-3', 132, 'Exploração cirúrgica de nervo (Neurólise externa)', '5B') ON CONFLICT DO NOTHING;
INSERT INTO procedimentos_cbhpm (codigo, procedimento_id, descricao, porte) VALUES ('3.07.30.05-8', 132, 'Dissecção muscular', '3C') ON CONFLICT DO NOTHING;
INSERT INTO procedimentos_cbhpm (codigo, procedimento_id, descricao, porte) VALUES ('3.14.03.20-4', 132, 'Microneurólise intraneural ou intrafascicular de um nervo', '7C') ON CONFLICT DO NOTHING;
INSERT INTO procedimentos_cbhpm (codigo, procedimento_id, descricao, porte) VALUES ('3.14.03.01-8', 132, 'Biópsia de nervo', '3C') ON CONFLICT DO NOTHING;
INSERT INTO procedimentos_cbhpm (codigo, procedimento_id, descricao, porte) VALUES ('3.07.30.11-2', 132, 'Miorrafias', '3C') ON CONFLICT DO NOTHING;
INSERT INTO procedimentos (id, nome) VALUES (133, '11.2 – BIÓPSIA DE MÚSCULO') ON CONFLICT DO NOTHING;
INSERT INTO procedimentos_cbhpm (codigo, procedimento_id, descricao, porte) VALUES ('3.07.30.05-8', 133, 'Dissecção muscular', '3C') ON CONFLICT DO NOTHING;
INSERT INTO procedimentos_cbhpm (codigo, procedimento_id, descricao, porte) VALUES ('3.03.11.01-2', 133, 'Biópsia de músculo', '2B') ON CONFLICT DO NOTHING;
INSERT INTO procedimentos_cbhpm (codigo, procedimento_id, descricao, porte) VALUES ('3.07.30.11-2', 133, 'Miorrafias', '3C') ON CONFLICT DO NOTHING;
INSERT INTO procedimentos (id, nome) VALUES (134, '11.3 – LESÃO TRAUMÁTICA DO PLEXO BRAQUIAL') ON CONFLICT DO NOTHING;
INSERT INTO procedimentos_cbhpm (codigo, procedimento_id, descricao, porte) VALUES ('3.14.03.17-4', 134, 'Microcirurgia do plexo braquial com exploração, Neurólise e enxertos', '13A') ON CONFLICT DO NOTHING;
INSERT INTO procedimentos_cbhpm (codigo, procedimento_id, descricao, porte) VALUES ('3.14.03.26-3', 134, 'Microneurorrafia múltipla (plexo nervoso)', '12B') ON CONFLICT DO NOTHING;
INSERT INTO procedimentos_cbhpm (codigo, procedimento_id, descricao, porte) VALUES ('3.14.03.35-2', 134, 'Transposição de nervo', '10A') ON CONFLICT DO NOTHING;
INSERT INTO procedimentos_cbhpm (codigo, procedimento_id, descricao, porte) VALUES ('3.14.03.15-8', 134, 'Lesão de nervo associada a lesão óssea', '8C') ON CONFLICT DO NOTHING;
INSERT INTO procedimentos_cbhpm (codigo, procedimento_id, descricao, porte) VALUES ('3.07.30.05-8', 134, 'Dissecção muscular', '3C') ON CONFLICT DO NOTHING;
INSERT INTO procedimentos_cbhpm (codigo, procedimento_id, descricao, porte) VALUES ('3.14.03.12-3', 134, 'Exploração cirúrgica de nervo (Neurólise externa)', '5B') ON CONFLICT DO NOTHING;
INSERT INTO procedimentos_cbhpm (codigo, procedimento_id, descricao, porte) VALUES ('3.14.03.31-0', 134, 'Ressecção de neuroma', '4A') ON CONFLICT DO NOTHING;
INSERT INTO procedimentos_cbhpm (codigo, procedimento_id, descricao, porte) VALUES ('3.07.30.11-2', 134, 'Miorrafias', '3C') ON CONFLICT DO NOTHING;
INSERT INTO procedimentos (id, nome) VALUES (135, '11.4 – LESÃO TRAUMÁTICA DE NERVO PERIFÉRICO') ON CONFLICT DO NOTHING;
INSERT INTO procedimentos_cbhpm (codigo, procedimento_id, descricao, porte) VALUES ('3.07.30.05-8', 135, 'Dissecção muscular', '3C') ON CONFLICT DO NOTHING;
INSERT INTO procedimentos_cbhpm (codigo, procedimento_id, descricao, porte) VALUES ('3.14.03.12-3', 135, 'Exploração cirúrgica de nervo (Neurólise externa)*', '5B') ON CONFLICT DO NOTHING;
INSERT INTO procedimentos_cbhpm (codigo, procedimento_id, descricao, porte) VALUES ('3.14.03.20-4', 135, 'Microneurólise intraneural ou intrafascicular de um nervo*', '7C') ON CONFLICT DO NOTHING;
INSERT INTO procedimentos_cbhpm (codigo, procedimento_id, descricao, porte) VALUES ('3.14.03.31-0', 135, 'Ressecção de neuroma*', '4A') ON CONFLICT DO NOTHING;
INSERT INTO procedimentos_cbhpm (codigo, procedimento_id, descricao, porte) VALUES ('3.14.03.07-7', 135, 'Enxerto interfascicular de nervo vascularizado*', '12C') ON CONFLICT DO NOTHING;
INSERT INTO procedimentos_cbhpm (codigo, procedimento_id, descricao, porte) VALUES ('3.14.03.27-1', 135, 'Microneurorrafia única*', '8A') ON CONFLICT DO NOTHING;
INSERT INTO procedimentos_cbhpm (codigo, procedimento_id, descricao, porte) VALUES ('3.14.03.15-8', 135, 'Lesão de nervo associada a lesão óssea', '8C') ON CONFLICT DO NOTHING;
INSERT INTO procedimentos_cbhpm (codigo, procedimento_id, descricao, porte) VALUES ('3.07.30.11-2', 135, 'Miorrafias', '3C') ON CONFLICT DO NOTHING;
INSERT INTO procedimentos (id, nome) VALUES (136, '11.5 – SÍNDROME DO DESFILADEIRO TORÁCICO') ON CONFLICT DO NOTHING;
INSERT INTO procedimentos_cbhpm (codigo, procedimento_id, descricao, porte) VALUES ('3.14.05.03-7', 136, 'Tratamento da síndrome do desfiladeiro torácico', '9B') ON CONFLICT DO NOTHING;
INSERT INTO procedimentos_cbhpm (codigo, procedimento_id, descricao, porte) VALUES ('3.07.15.07-5', 136, 'Costela cervical – tratamento cirúrgico', '8B') ON CONFLICT DO NOTHING;
INSERT INTO procedimentos_cbhpm (codigo, procedimento_id, descricao, porte) VALUES ('3.14.03.36-0', 136, 'Tratamento microcirúrgico das neuropatias compressivas (tumor,', '8B') ON CONFLICT DO NOTHING;
INSERT INTO procedimentos_cbhpm (codigo, procedimento_id, descricao, porte) VALUES ('3.14.03.18-2', 136, 'Microcirurgia do plexo braquial com exploração e neurólise', '12C') ON CONFLICT DO NOTHING;
INSERT INTO procedimentos_cbhpm (codigo, procedimento_id, descricao, porte) VALUES ('3.07.30.05-8', 136, 'Dissecção muscular', '3C') ON CONFLICT DO NOTHING;
INSERT INTO procedimentos_cbhpm (codigo, procedimento_id, descricao, porte) VALUES ('3.07.30.11-2', 136, 'Miorrafias', '3C') ON CONFLICT DO NOTHING;
INSERT INTO procedimentos (id, nome) VALUES (137, '11.6 – NEUROPATIAS COMPRESSIVAS') ON CONFLICT DO NOTHING;
INSERT INTO procedimentos_cbhpm (codigo, procedimento_id, descricao, porte) VALUES ('3.14.03.36-0', 137, 'Tratamento microcirúrgico das neuropatias compressivas (tumor,', '8B') ON CONFLICT DO NOTHING;
INSERT INTO procedimentos_cbhpm (codigo, procedimento_id, descricao, porte) VALUES ('3.07.37.07-9', 137, 'Túnel do carpo – descompressão*', '9C') ON CONFLICT DO NOTHING;
INSERT INTO procedimentos_cbhpm (codigo, procedimento_id, descricao, porte) VALUES ('3.14.03.28-0', 137, 'Neurólise das neuropatias compressivas', '6C') ON CONFLICT DO NOTHING;
INSERT INTO procedimentos_cbhpm (codigo, procedimento_id, descricao, porte) VALUES ('3.07.31.09-7', 137, 'Tenólise túnel osteofibroso', '6A') ON CONFLICT DO NOTHING;
INSERT INTO procedimentos_cbhpm (codigo, procedimento_id, descricao, porte) VALUES ('3.07.30.05-8', 137, 'Dissecção muscular', '3C') ON CONFLICT DO NOTHING;
INSERT INTO procedimentos_cbhpm (codigo, procedimento_id, descricao, porte) VALUES ('3.07.37.01-0', 137, 'Sinovectomia total ** (endoscópica)', '9C') ON CONFLICT DO NOTHING;
INSERT INTO procedimentos_cbhpm (codigo, procedimento_id, descricao, porte) VALUES ('3.07.36.01-3', 137, 'Sinovectomia total *** (endoscópica)', '9C') ON CONFLICT DO NOTHING;
INSERT INTO procedimentos (id, nome) VALUES (138, '11.7 – NERVO FACIAL') ON CONFLICT DO NOTHING;
INSERT INTO procedimentos_cbhpm (codigo, procedimento_id, descricao, porte) VALUES ('3.04.04.05-3', 138, 'Exploração e descompressão total do nervo facial', '11B') ON CONFLICT DO NOTHING;
INSERT INTO procedimentos_cbhpm (codigo, procedimento_id, descricao, porte) VALUES ('3.04.04.03-7', 138, 'Enxerto parcial infratemporal do nervo facial – do gânglio geniculado ao', '11B') ON CONFLICT DO NOTHING;
INSERT INTO procedimentos_cbhpm (codigo, procedimento_id, descricao, porte) VALUES ('3.04.04.04-5', 138, 'Enxerto total do nervo facial infratemporal', '11A') ON CONFLICT DO NOTHING;
INSERT INTO procedimentos_cbhpm (codigo, procedimento_id, descricao, porte) VALUES ('3.14.03.22-0', 138, 'Microneurólise múltipla', '8B') ON CONFLICT DO NOTHING;
INSERT INTO procedimentos_cbhpm (codigo, procedimento_id, descricao, porte) VALUES ('3.14.03.27-1', 138, 'Microneurorrafia única', '8A') ON CONFLICT DO NOTHING;
INSERT INTO procedimentos_cbhpm (codigo, procedimento_id, descricao, porte) VALUES ('3.14.03.07-7', 138, 'Enxerto interfascicular de nervo vascularizado', '12C') ON CONFLICT DO NOTHING;
INSERT INTO procedimentos_cbhpm (codigo, procedimento_id, descricao, porte) VALUES ('3.14.03.35-2', 138, 'Transposição de nervo', '10A') ON CONFLICT DO NOTHING;
INSERT INTO procedimentos_cbhpm (codigo, procedimento_id, descricao, porte) VALUES ('3.02.10.05-4', 138, 'Paralisia facial – reanimação com neurotização', '11C') ON CONFLICT DO NOTHING;
INSERT INTO procedimentos_cbhpm (codigo, procedimento_id, descricao, porte) VALUES ('3.07.30.05-8', 138, 'Dissecção muscular', '3C') ON CONFLICT DO NOTHING;
INSERT INTO procedimentos (id, nome) VALUES (139, '11.8 – TUMOR DE NERVO') ON CONFLICT DO NOTHING;
INSERT INTO procedimentos_cbhpm (codigo, procedimento_id, descricao, porte) VALUES ('3.14.03.10-7', 139, 'Excisão de tumores de nervos periféricos com enxerto interfascicular', '9B') ON CONFLICT DO NOTHING;
INSERT INTO procedimentos_cbhpm (codigo, procedimento_id, descricao, porte) VALUES ('3.14.03.36-0', 139, 'Tratamento microcirúrgico das neuropatias compressivas (tumor,', '8B') ON CONFLICT DO NOTHING;
INSERT INTO procedimentos_cbhpm (codigo, procedimento_id, descricao, porte) VALUES ('3.14.03.12-3', 139, 'Exploração cirúrgica de nervo (Neurólise externa)', '5B') ON CONFLICT DO NOTHING;
INSERT INTO procedimentos_cbhpm (codigo, procedimento_id, descricao, porte) VALUES ('3.14.03.20-4', 139, 'Microneurólise intraneural ou intrafascicular de um nervo', '7C') ON CONFLICT DO NOTHING;
INSERT INTO procedimentos_cbhpm (codigo, procedimento_id, descricao, porte) VALUES ('3.07.30.05-8', 139, 'Dissecção muscular', '3C') ON CONFLICT DO NOTHING;
INSERT INTO procedimentos_cbhpm (codigo, procedimento_id, descricao, porte) VALUES ('3.07.30.11-2', 139, 'Miorrafias', '3C') ON CONFLICT DO NOTHING;
INSERT INTO procedimentos (id, nome) VALUES (140, '11.9 – TUMOR DO PLEXO BRAQUIAL') ON CONFLICT DO NOTHING;
INSERT INTO procedimentos_cbhpm (codigo, procedimento_id, descricao, porte) VALUES ('3.14.03.17-4', 140, 'Microcirurgia do plexo braquial com exploração, Neurólise e enxertos', '13A') ON CONFLICT DO NOTHING;
INSERT INTO procedimentos_cbhpm (codigo, procedimento_id, descricao, porte) VALUES ('3.14.03.10-7', 140, 'Excisão de tumores de nervos periféricos com enxerto interfascicular', '9B') ON CONFLICT DO NOTHING;
INSERT INTO procedimentos_cbhpm (codigo, procedimento_id, descricao, porte) VALUES ('3.14.03.36-0', 140, 'Tratamento microcirúrgico das neuropatias compressivas (tumor,', '8B') ON CONFLICT DO NOTHING;
INSERT INTO procedimentos_cbhpm (codigo, procedimento_id, descricao, porte) VALUES ('3.07.30.05-8', 140, 'Dissecção muscular', '3C') ON CONFLICT DO NOTHING;
INSERT INTO procedimentos_cbhpm (codigo, procedimento_id, descricao, porte) VALUES ('3.07.30.11-2', 140, 'Miorrafias', '3C') ON CONFLICT DO NOTHING;
